test_id,PM2.5,PM10,O3
miyunshuik_aq#0,29.818233,74.47666,94.860054
miyunshuik_aq#1,28.948975,77.60535,113.90548
miyunshuik_aq#2,26.840479,75.8087,114.98129
miyunshuik_aq#3,31.67537,73.43636,115.09475
miyunshuik_aq#4,29.842829,71.12512,131.05548
miyunshuik_aq#5,29.52763,67.31271,154.12988
miyunshuik_aq#6,30.664408,67.562515,162.73096
miyunshuik_aq#7,32.329895,69.55856,167.4789
miyunshuik_aq#8,33.789284,77.484474,171.52017
miyunshuik_aq#9,35.346268,78.49104,167.9649
miyunshuik_aq#10,37.89704,78.600266,161.97083
miyunshuik_aq#11,38.79024,78.76377,152.17952
miyunshuik_aq#12,38.82463,79.14409,125.60952
miyunshuik_aq#13,39.009518,81.327446,115.099594
miyunshuik_aq#14,38.869354,80.740265,114.952156
miyunshuik_aq#15,38.801376,79.84956,114.96729
miyunshuik_aq#16,38.79514,78.66688,114.905334
miyunshuik_aq#17,39.01652,78.758736,114.32491
miyunshuik_aq#18,38.758972,79.26963,106.3976
miyunshuik_aq#19,38.758972,78.600266,98.68276
miyunshuik_aq#20,38.758972,78.16576,95.307465
miyunshuik_aq#21,38.758972,81.48843,86.21654
miyunshuik_aq#22,38.758972,83.068954,81.1782
miyunshuik_aq#23,38.758972,80.80546,83.01146
miyunshuik_aq#24,38.758972,80.14658,89.76321
miyunshuik_aq#25,38.758972,79.05438,112.028015
miyunshuik_aq#26,38.758972,78.600266,114.95858
miyunshuik_aq#27,38.772385,78.69176,114.988846
miyunshuik_aq#28,38.79239,78.44161,123.75928
miyunshuik_aq#29,38.746346,78.29937,145.92326
miyunshuik_aq#30,38.70155,77.34302,160.46501
miyunshuik_aq#31,38.69823,77.97182,166.31396
miyunshuik_aq#32,38.736076,78.567764,158.63304
miyunshuik_aq#33,38.758972,78.82979,156.33496
miyunshuik_aq#34,38.807632,78.991455,153.40565
miyunshuik_aq#35,40.360954,83.06848,142.45877
miyunshuik_aq#36,42.876556,90.07229,121.14027
miyunshuik_aq#37,43.70159,95.18174,115.05654
miyunshuik_aq#38,44.319447,97.61889,114.912254
miyunshuik_aq#39,44.448875,91.35727,114.92684
miyunshuik_aq#40,49.13557,85.11407,114.92212
miyunshuik_aq#41,47.983967,80.12187,112.58887
miyunshuik_aq#42,44.710823,78.77019,104.91333
miyunshuik_aq#43,43.612453,78.82739,96.35952
miyunshuik_aq#44,42.010876,78.56458,92.68126
miyunshuik_aq#45,41.808792,79.28562,87.18979
miyunshuik_aq#46,40.19106,82.44182,82.91314
miyunshuik_aq#47,40.35,78.55831,82.48377
tiantan_aq#0,38.913597,85.70658,69.564575
tiantan_aq#1,38.201706,86.437515,93.22822
tiantan_aq#2,39.35251,84.49618,94.35091
tiantan_aq#3,38.909443,82.675705,94.69924
tiantan_aq#4,39.352417,81.75724,119.060036
tiantan_aq#5,38.495766,77.62481,144.19403
tiantan_aq#6,38.63877,78.88396,150.60008
tiantan_aq#7,38.01848,81.84743,162.72992
tiantan_aq#8,39.518215,86.62105,157.07785
tiantan_aq#9,40.397224,87.29921,152.37079
tiantan_aq#10,41.0539,87.69087,144.96948
tiantan_aq#11,41.871384,87.90798,129.95383
tiantan_aq#12,42.14533,89.161804,100.971214
tiantan_aq#13,45.377396,90.04884,94.39341
tiantan_aq#14,43.698437,94.05606,94.35091
tiantan_aq#15,44.024784,90.709236,94.23453
tiantan_aq#16,43.381554,89.93716,94.35091
tiantan_aq#17,44.205124,90.26197,93.53236
tiantan_aq#18,43.13101,89.189575,86.290344
tiantan_aq#19,43.123516,89.37838,79.286896
tiantan_aq#20,42.169155,88.50003,73.54854
tiantan_aq#21,41.866604,87.69974,63.70958
tiantan_aq#22,41.92003,87.930595,62.67639
tiantan_aq#23,41.60388,87.72857,63.08538
tiantan_aq#24,41.514774,87.98619,74.440636
tiantan_aq#25,41.65696,88.114044,93.15439
tiantan_aq#26,41.5719,87.70108,94.35091
tiantan_aq#27,41.59967,87.398705,94.68602
tiantan_aq#28,40.969826,87.22353,106.43405
tiantan_aq#29,39.570633,85.32707,131.2664
tiantan_aq#30,39.58751,84.74008,147.7595
tiantan_aq#31,40.149124,86.07495,151.69225
tiantan_aq#32,40.00244,86.05715,145.45197
tiantan_aq#33,40.112267,87.4298,137.0343
tiantan_aq#34,40.006165,87.59953,138.63275
tiantan_aq#35,41.62356,88.458206,121.95481
tiantan_aq#36,41.84806,89.79747,97.69769
tiantan_aq#37,41.85647,100.85651,94.3952
tiantan_aq#38,45.497555,91.77159,94.35091
tiantan_aq#39,47.348007,93.52497,94.35091
tiantan_aq#40,49.496464,90.16985,94.35091
tiantan_aq#41,54.52333,88.20242,91.19594
tiantan_aq#42,50.913994,89.12496,83.2289
tiantan_aq#43,45.096416,87.15973,74.76244
tiantan_aq#44,48.01714,89.75861,71.45523
tiantan_aq#45,49.02403,94.10568,66.2809
tiantan_aq#46,47.61792,96.2847,63.902462
tiantan_aq#47,48.95322,103.57713,66.981575
yizhuang_aq#0,42.0387,88.90156,75.958115
yizhuang_aq#1,41.192223,89.176926,100.61445
yizhuang_aq#2,41.238056,88.313576,101.619286
yizhuang_aq#3,40.717216,86.93571,102.0085
yizhuang_aq#4,40.572834,86.764084,121.93232
yizhuang_aq#5,40.775345,84.012115,146.78967
yizhuang_aq#6,40.27734,83.84746,163.76955
yizhuang_aq#7,39.614098,84.532295,169.46883
yizhuang_aq#8,40.55616,87.52444,165.79424
yizhuang_aq#9,40.990376,88.29246,162.1311
yizhuang_aq#10,41.27986,88.32876,152.90385
yizhuang_aq#11,41.483788,88.788666,136.39758
yizhuang_aq#12,41.67939,89.19518,108.631424
yizhuang_aq#13,41.744324,90.962845,101.64325
yizhuang_aq#14,41.57093,90.86697,101.57554
yizhuang_aq#15,42.075592,94.48379,101.557465
yizhuang_aq#16,42.0346,89.51313,101.513695
yizhuang_aq#17,41.944168,92.14679,100.70514
yizhuang_aq#18,42.016735,90.4736,92.465675
yizhuang_aq#19,42.121147,91.31589,85.23767
yizhuang_aq#20,41.740852,89.8104,77.03347
yizhuang_aq#21,41.707565,88.217155,66.78407
yizhuang_aq#22,41.379654,89.204994,65.46672
yizhuang_aq#23,41.355026,88.35239,62.36755
yizhuang_aq#24,41.366653,88.84388,79.904305
yizhuang_aq#25,41.499863,88.3249,100.31749
yizhuang_aq#26,41.457043,88.3249,101.619286
yizhuang_aq#27,41.398693,88.87483,101.934074
yizhuang_aq#28,41.28869,88.72163,112.17308
yizhuang_aq#29,40.967426,86.82128,137.14288
yizhuang_aq#30,40.965797,86.67943,152.67184
yizhuang_aq#31,41.357574,86.96062,158.93665
yizhuang_aq#32,40.93815,88.31305,156.03741
yizhuang_aq#33,40.44555,88.39672,145.99426
yizhuang_aq#34,40.950844,88.243645,141.46286
yizhuang_aq#35,41.127914,89.032326,133.69394
yizhuang_aq#36,41.499313,90.033264,105.767395
yizhuang_aq#37,41.968987,91.570946,101.718864
yizhuang_aq#38,43.74441,91.50447,101.619286
yizhuang_aq#39,45.774525,92.47934,101.619286
yizhuang_aq#40,46.420815,89.97991,101.619286
yizhuang_aq#41,49.80235,89.147415,97.8995
yizhuang_aq#42,49.298878,89.1998,89.813095
yizhuang_aq#43,44.13183,88.574356,82.260475
yizhuang_aq#44,46.147316,89.87031,78.28096
yizhuang_aq#45,46.571266,89.9811,71.16167
yizhuang_aq#46,46.20845,92.32732,68.46823
yizhuang_aq#47,47.0587,94.82658,71.13046
pingchang_aq#0,37.846638,74.67481,91.03481
pingchang_aq#1,37.87992,76.71749,111.69459
pingchang_aq#2,39.968403,74.65056,112.95079
pingchang_aq#3,38.008606,72.95012,113.25714
pingchang_aq#4,38.225525,72.61041,130.82097
pingchang_aq#5,38.138523,67.21596,152.13506
pingchang_aq#6,37.672977,69.28992,163.89536
pingchang_aq#7,36.368713,72.301094,169.31567
pingchang_aq#8,38.49613,76.97871,167.99191
pingchang_aq#9,39.80597,77.72644,164.92152
pingchang_aq#10,41.43261,77.95676,157.55371
pingchang_aq#11,42.439724,78.28556,147.86479
pingchang_aq#12,42.430325,80.06617,123.8246
pingchang_aq#13,43.10252,82.74176,113.148254
pingchang_aq#14,43.30257,84.51263,112.94437
pingchang_aq#15,43.814465,82.246765,112.637215
pingchang_aq#16,43.555523,80.23001,112.796234
pingchang_aq#17,44.128574,81.259964,112.23783
pingchang_aq#18,43.56481,79.73095,104.889824
pingchang_aq#19,42.976303,80.89484,96.8103
pingchang_aq#20,42.390884,78.57794,92.766655
pingchang_aq#21,42.744102,80.98559,84.30131
pingchang_aq#22,42.322685,80.64418,80.993004
pingchang_aq#23,42.45136,79.644424,82.40544
pingchang_aq#24,42.345226,79.06518,89.88959
pingchang_aq#25,42.438835,79.22005,109.953186
pingchang_aq#26,42.340065,77.93361,112.90887
pingchang_aq#27,42.38427,76.43367,112.99444
pingchang_aq#28,41.992657,77.91075,121.712395
pingchang_aq#29,40.344673,75.914116,143.42596
pingchang_aq#30,40.87786,75.40941,160.28249
pingchang_aq#31,41.410484,76.41602,165.31758
pingchang_aq#32,41.134552,76.19547,158.22989
pingchang_aq#33,42.20126,77.109116,153.06523
pingchang_aq#34,42.05631,77.21718,150.5095
pingchang_aq#35,42.968723,79.45905,139.01146
pingchang_aq#36,43.00226,83.60313,118.76601
pingchang_aq#37,43.443165,89.792625,113.05447
pingchang_aq#38,46.92213,89.33043,112.95079
pingchang_aq#39,48.92901,90.6397,112.91779
pingchang_aq#40,50.94324,83.43929,112.90883
pingchang_aq#41,53.431522,79.26934,109.39533
pingchang_aq#42,52.168106,78.04171,101.11241
pingchang_aq#43,47.717384,77.50815,92.056915
pingchang_aq#44,48.69854,79.01887,87.92417
pingchang_aq#45,48.332504,86.103294,81.682396
pingchang_aq#46,45.00878,84.76544,79.62598
pingchang_aq#47,46.559658,86.7198,82.153
zhiwuyuan_aq#0,85.513565,83.115295,11.7463875
zhiwuyuan_aq#1,83.80582,84.38368,12.735055
zhiwuyuan_aq#2,81.21518,83.34822,13.01919
zhiwuyuan_aq#3,76.303116,81.075,14.332232
zhiwuyuan_aq#4,60.80093,80.56255,18.493702
zhiwuyuan_aq#5,57.49046,77.425415,21.103916
zhiwuyuan_aq#6,55.11425,77.528595,21.333656
zhiwuyuan_aq#7,55.913322,76.901634,19.476534
zhiwuyuan_aq#8,56.94568,82.26944,18.22751
zhiwuyuan_aq#9,56.20587,82.79178,17.857443
zhiwuyuan_aq#10,56.963978,84.00516,15.072067
zhiwuyuan_aq#11,57.09445,83.91398,13.728856
zhiwuyuan_aq#12,59.430912,88.16661,12.951128
zhiwuyuan_aq#13,76.06344,89.993095,12.953879
zhiwuyuan_aq#14,78.923035,93.03229,12.913872
zhiwuyuan_aq#15,73.6441,89.29011,12.953879
zhiwuyuan_aq#16,64.93135,86.54742,12.953879
zhiwuyuan_aq#17,67.47705,86.162285,12.8366165
zhiwuyuan_aq#18,58.870247,86.05191,12.504153
zhiwuyuan_aq#19,65.90699,86.22978,12.476524
zhiwuyuan_aq#20,58.15302,84.70624,12.304282
zhiwuyuan_aq#21,57.26656,84.05073,12.100325
zhiwuyuan_aq#22,57.40022,83.935844,12.156252
zhiwuyuan_aq#23,57.26622,83.763374,11.7602415
zhiwuyuan_aq#24,57.631535,83.8476,12.449285
zhiwuyuan_aq#25,57.70489,83.77968,12.953879
zhiwuyuan_aq#26,58.060596,84.17028,12.962175
zhiwuyuan_aq#27,57.867863,81.81815,15.889131
zhiwuyuan_aq#28,57.441944,82.50531,22.90321
zhiwuyuan_aq#29,51.428467,81.30102,20.37198
zhiwuyuan_aq#30,48.18257,80.96013,22.026527
zhiwuyuan_aq#31,51.75134,82.70168,20.528694
zhiwuyuan_aq#32,47.61306,82.06997,21.80255
zhiwuyuan_aq#33,49.257057,82.94019,17.782236
zhiwuyuan_aq#34,50.543415,82.698204,17.10432
zhiwuyuan_aq#35,55.290775,84.46059,14.128555
zhiwuyuan_aq#36,53.369503,83.728485,12.997323
zhiwuyuan_aq#37,52.46386,90.57031,12.999261
zhiwuyuan_aq#38,56.019894,83.458206,12.975744
zhiwuyuan_aq#39,55.616238,87.536606,12.967558
zhiwuyuan_aq#40,57.408237,84.18009,12.927339
zhiwuyuan_aq#41,63.00906,82.608154,12.953879
zhiwuyuan_aq#42,59.23838,84.0825,12.873301
zhiwuyuan_aq#43,58.080376,81.98683,12.603806
zhiwuyuan_aq#44,58.28617,81.42815,12.707279
zhiwuyuan_aq#45,61.12948,82.40021,12.570856
zhiwuyuan_aq#46,59.825153,87.49226,12.253284
zhiwuyuan_aq#47,61.598953,88.56732,11.491872
qianmen_aq#0,41.953407,94.08808,68.707855
qianmen_aq#1,41.274136,94.71946,92.8603
qianmen_aq#2,42.14077,93.661804,93.964325
qianmen_aq#3,41.402008,92.69954,94.30483
qianmen_aq#4,42.33279,92.42109,117.2968
qianmen_aq#5,41.167473,89.85364,138.40807
qianmen_aq#6,41.424526,89.35759,148.77881
qianmen_aq#7,40.60686,91.218185,160.03625
qianmen_aq#8,41.8096,93.401085,154.87944
qianmen_aq#9,42.808727,94.07469,147.53085
qianmen_aq#10,43.38887,94.5793,141.53304
qianmen_aq#11,44.048637,94.27329,128.63559
qianmen_aq#12,44.54403,96.29569,100.17942
qianmen_aq#13,47.319656,96.37096,94.00682
qianmen_aq#14,46.46104,100.25485,93.964325
qianmen_aq#15,46.52741,98.134796,93.71459
qianmen_aq#16,46.00102,97.68823,93.84406
qianmen_aq#17,46.00746,98.707794,93.07497
qianmen_aq#18,45.35587,96.95317,86.060776
qianmen_aq#19,45.437294,98.110435,79.02501
qianmen_aq#20,44.135326,95.195526,73.945076
qianmen_aq#21,43.948196,94.964935,63.753098
qianmen_aq#22,43.885395,94.73101,62.64673
qianmen_aq#23,43.62725,94.57625,63.303448
qianmen_aq#24,43.643,94.93885,74.246284
qianmen_aq#25,43.683758,95.79838,92.800446
qianmen_aq#26,43.56144,94.56121,93.964325
qianmen_aq#27,43.60113,94.2212,94.28983
qianmen_aq#28,43.332954,95.33356,105.984436
qianmen_aq#29,40.871723,91.891914,130.77707
qianmen_aq#30,40.262863,91.689865,146.83475
qianmen_aq#31,40.963753,91.5869,150.25981
qianmen_aq#32,39.710606,92.373116,143.36975
qianmen_aq#33,39.180367,92.82178,135.34634
qianmen_aq#34,41.07326,93.04683,137.84195
qianmen_aq#35,42.51772,94.707214,119.98931
qianmen_aq#36,44.06045,95.56273,97.384254
qianmen_aq#37,43.33996,100.14234,94.00862
qianmen_aq#38,46.77755,95.94569,93.964325
qianmen_aq#39,48.962486,97.74534,93.992905
qianmen_aq#40,50.551174,95.03837,93.964325
qianmen_aq#41,58.164433,95.52681,90.638596
qianmen_aq#42,53.82086,96.13171,82.73859
qianmen_aq#43,46.36829,93.87212,74.77022
qianmen_aq#44,49.02017,96.20515,70.92856
qianmen_aq#45,50.43892,99.27776,65.9223
qianmen_aq#46,49.554535,99.12619,63.350983
qianmen_aq#47,50.94451,104.516266,67.03102
fangshan_aq#0,38.04621,101.77757,86.65418
fangshan_aq#1,36.929703,101.16789,110.550896
fangshan_aq#2,37.8696,100.4466,111.219406
fangshan_aq#3,37.25895,96.831566,111.59095
fangshan_aq#4,38.270355,97.476364,132.07962
fangshan_aq#5,36.88336,97.33233,156.25238
fangshan_aq#6,37.621338,94.827545,171.1831
fangshan_aq#7,36.26348,95.94275,174.65619
fangshan_aq#8,37.604782,96.45267,170.38026
fangshan_aq#9,38.215622,97.2644,165.84074
fangshan_aq#10,39.316673,97.29165,156.56136
fangshan_aq#11,39.58452,97.57156,145.89786
fangshan_aq#12,40.334534,98.15416,120.39615
fangshan_aq#13,40.408325,98.936516,111.22979
fangshan_aq#14,40.25335,100.14788,111.17566
fangshan_aq#15,40.683014,101.592316,111.219406
fangshan_aq#16,40.678444,99.24707,111.219406
fangshan_aq#17,41.03354,99.18172,110.1384
fangshan_aq#18,40.594406,98.14114,100.89901
fangshan_aq#19,41.43759,97.62319,94.53456
fangshan_aq#20,40.565285,97.24511,86.865234
fangshan_aq#21,39.961433,97.2577,76.4572
fangshan_aq#22,39.977566,97.47848,74.06481
fangshan_aq#23,39.67686,97.29165,75.17448
fangshan_aq#24,39.68754,97.38488,87.93226
fangshan_aq#25,39.715282,97.29165,108.69074
fangshan_aq#26,39.631355,97.66149,111.219406
fangshan_aq#27,39.666443,98.10012,111.41468
fangshan_aq#28,39.59629,98.21388,122.928024
fangshan_aq#29,39.15104,96.33691,144.7281
fangshan_aq#30,39.41298,96.94604,158.95578
fangshan_aq#31,39.699417,96.91959,164.47131
fangshan_aq#32,39.02306,97.063866,158.70174
fangshan_aq#33,39.108078,97.32467,151.98808
fangshan_aq#34,39.69513,97.5145,148.7052
fangshan_aq#35,39.921234,97.620155,137.40237
fangshan_aq#36,40.591858,98.40336,115.18719
fangshan_aq#37,40.57418,100.235985,111.219406
fangshan_aq#38,44.26038,100.20895,111.219406
fangshan_aq#39,45.67026,100.34482,111.219406
fangshan_aq#40,48.292946,99.15302,111.219406
fangshan_aq#41,53.45389,98.97472,107.354454
fangshan_aq#42,48.583374,97.61252,97.412415
fangshan_aq#43,43.64344,97.59974,86.455025
fangshan_aq#44,44.239113,98.624,83.938156
fangshan_aq#45,44.766464,101.415565,77.14009
fangshan_aq#46,43.03152,101.360374,76.039604
fangshan_aq#47,44.022373,106.411194,78.49738
beibuxinqu_aq#0,34.281494,89.42435,74.731346
beibuxinqu_aq#1,37.608658,90.824135,99.4442
beibuxinqu_aq#2,37.864822,89.10814,100.60939
beibuxinqu_aq#3,33.370117,87.44732,100.91392
beibuxinqu_aq#4,34.82658,87.58895,124.92712
beibuxinqu_aq#5,33.260605,83.51928,147.24025
beibuxinqu_aq#6,33.8012,84.35259,156.1201
beibuxinqu_aq#7,33.49237,86.775085,166.03333
beibuxinqu_aq#8,35.37191,89.631714,162.31064
beibuxinqu_aq#9,36.420265,91.08383,156.06921
beibuxinqu_aq#10,37.85698,91.24775,149.93988
beibuxinqu_aq#11,38.75032,91.324196,136.14203
beibuxinqu_aq#12,38.72803,92.07362,109.61525
beibuxinqu_aq#13,39.313004,94.8224,100.60939
beibuxinqu_aq#14,39.523445,96.22108,100.60939
beibuxinqu_aq#15,40.642292,97.612076,100.35155
beibuxinqu_aq#16,40.60109,94.59105,100.44027
beibuxinqu_aq#17,41.256958,96.27508,99.52065
beibuxinqu_aq#18,39.825188,93.741264,92.19494
beibuxinqu_aq#19,40.84321,93.66881,84.1311
beibuxinqu_aq#20,39.286453,92.711815,80.01437
beibuxinqu_aq#21,39.288506,90.95506,69.26683
beibuxinqu_aq#22,38.875427,91.17082,68.55281
beibuxinqu_aq#23,38.845154,91.365906,70.93913
beibuxinqu_aq#24,38.899025,91.371025,79.99852
beibuxinqu_aq#25,38.91661,92.31243,99.06388
beibuxinqu_aq#26,38.783623,91.253685,100.60939
beibuxinqu_aq#27,38.79328,89.960236,100.742714
beibuxinqu_aq#28,38.18665,91.5157,113.48907
beibuxinqu_aq#29,37.556934,88.46033,138.35233
beibuxinqu_aq#30,37.358894,87.76028,151.66776
beibuxinqu_aq#31,37.88078,88.58231,154.05179
beibuxinqu_aq#32,38.49726,88.81098,147.79309
beibuxinqu_aq#33,38.584282,87.93388,141.11755
beibuxinqu_aq#34,38.20041,90.81731,143.48277
beibuxinqu_aq#35,39.38127,92.07542,127.71509
beibuxinqu_aq#36,39.884758,94.8845,105.139305
beibuxinqu_aq#37,41.158447,100.81503,100.70897
beibuxinqu_aq#38,45.657772,101.07531,100.60939
beibuxinqu_aq#39,45.628983,102.487625,100.60939
beibuxinqu_aq#40,48.057186,97.23893,100.60939
beibuxinqu_aq#41,52.344193,93.720985,96.78751
beibuxinqu_aq#42,47.824306,91.23999,88.74272
beibuxinqu_aq#43,44.150066,89.898415,79.05455
beibuxinqu_aq#44,44.977695,93.24015,75.123245
beibuxinqu_aq#45,44.554718,98.33507,69.57901
beibuxinqu_aq#46,41.797092,96.141716,68.3217
beibuxinqu_aq#47,42.71299,101.33742,72.616646
shunyi_aq#0,35.25982,85.74752,88.20524
shunyi_aq#1,35.404366,86.651764,103.02065
shunyi_aq#2,35.563866,86.53063,104.250496
shunyi_aq#3,35.26187,84.32341,104.734695
shunyi_aq#4,35.83605,82.02569,123.872505
shunyi_aq#5,34.80854,79.35181,149.95354
shunyi_aq#6,35.328354,80.17194,163.96089
shunyi_aq#7,34.22106,82.0156,162.88232
shunyi_aq#8,34.16888,84.86358,162.73141
shunyi_aq#9,35.503334,86.38841,159.7117
shunyi_aq#10,36.88916,86.81885,149.91116
shunyi_aq#11,37.232655,86.24217,140.0898
shunyi_aq#12,37.784466,88.50992,112.77101
shunyi_aq#13,37.759987,88.07429,104.386955
shunyi_aq#14,37.55419,90.65994,104.20675
shunyi_aq#15,37.825424,95.11843,104.16739
shunyi_aq#16,37.87017,89.78813,104.20164
shunyi_aq#17,37.814804,90.47403,102.62638
shunyi_aq#18,37.49225,86.420364,93.443184
shunyi_aq#19,38.06363,87.17512,85.89544
shunyi_aq#20,37.391838,87.40377,78.869064
shunyi_aq#21,37.568375,87.09708,70.80936
shunyi_aq#22,37.34067,87.13789,66.98155
shunyi_aq#23,37.301422,87.37078,69.14773
shunyi_aq#24,37.20771,87.90902,83.55828
shunyi_aq#25,37.309753,87.174126,103.58305
shunyi_aq#26,37.220905,87.95473,104.250496
shunyi_aq#27,37.240074,88.55606,104.90607
shunyi_aq#28,37.1998,88.308495,114.341606
shunyi_aq#29,36.448467,86.014984,138.33298
shunyi_aq#30,36.013313,86.282234,153.0553
shunyi_aq#31,36.894417,87.55802,159.68234
shunyi_aq#32,36.354465,87.03945,155.02388
shunyi_aq#33,36.484344,87.26527,147.69896
shunyi_aq#34,37.1979,87.32827,145.08965
shunyi_aq#35,37.570034,88.10861,136.3522
shunyi_aq#36,39.041756,91.990776,109.668594
shunyi_aq#37,40.407753,95.64863,104.42917
shunyi_aq#38,41.117844,95.8444,104.277084
shunyi_aq#39,41.680847,94.26373,104.250496
shunyi_aq#40,41.879234,91.21744,104.250496
shunyi_aq#41,42.18811,88.20903,102.137115
shunyi_aq#42,40.43864,87.172714,93.62761
shunyi_aq#43,40.005924,87.01807,86.40241
shunyi_aq#44,40.413322,88.15497,83.35398
shunyi_aq#45,42.003597,91.564926,76.901306
shunyi_aq#46,40.35462,89.61904,73.02313
shunyi_aq#47,42.035843,92.99907,76.56129
tongzhou_aq#0,36.564606,136.7938,72.0396
tongzhou_aq#1,36.650345,135.3392,94.45288
tongzhou_aq#2,36.338547,138.44786,95.73441
tongzhou_aq#3,35.83322,130.55872,96.14608
tongzhou_aq#4,37.08978,126.64843,120.437485
tongzhou_aq#5,36.07337,128.96552,148.03383
tongzhou_aq#6,36.295887,124.61745,159.76999
tongzhou_aq#7,35.079964,128.38762,163.78004
tongzhou_aq#8,35.79229,125.73919,157.63933
tongzhou_aq#9,36.661877,126.25353,151.92104
tongzhou_aq#10,37.583004,126.41111,146.71112
tongzhou_aq#11,38.02356,128.64136,131.67279
tongzhou_aq#12,38.38996,131.88577,102.505
tongzhou_aq#13,38.578987,132.8888,95.79147
tongzhou_aq#14,38.5694,133.52045,95.69067
tongzhou_aq#15,38.586517,132.40219,95.47657
tongzhou_aq#16,38.608696,130.78447,95.56529
tongzhou_aq#17,38.54631,130.43288,94.67725
tongzhou_aq#18,38.453194,129.12807,87.31015
tongzhou_aq#19,39.10762,130.97256,81.04269
tongzhou_aq#20,38.20407,129.18811,75.340294
tongzhou_aq#21,38.323524,127.04362,64.90001
tongzhou_aq#22,37.997528,128.5486,64.94848
tongzhou_aq#23,37.936638,127.31878,63.306286
tongzhou_aq#24,37.909233,127.42896,76.36783
tongzhou_aq#25,37.93695,137.07324,94.47449
tongzhou_aq#26,37.85612,141.08768,95.73441
tongzhou_aq#27,37.924118,128.867,96.01704
tongzhou_aq#28,37.83507,129.9098,105.19624
tongzhou_aq#29,37.0892,126.35677,127.63792
tongzhou_aq#30,36.51487,125.271996,146.04364
tongzhou_aq#31,37.38639,127.01467,149.91466
tongzhou_aq#32,36.221012,124.22301,145.1815
tongzhou_aq#33,36.907585,124.635185,136.06322
tongzhou_aq#34,37.780724,124.71359,137.63681
tongzhou_aq#35,38.17901,125.261086,124.62271
tongzhou_aq#36,38.549614,126.18116,99.69626
tongzhou_aq#37,39.05042,127.37978,95.83399
tongzhou_aq#38,41.14,128.92197,95.73441
tongzhou_aq#39,41.86978,128.90208,95.73441
tongzhou_aq#40,43.87758,125.282295,95.73441
tongzhou_aq#41,46.884697,126.60277,92.10367
tongzhou_aq#42,44.63839,125.8106,83.344246
tongzhou_aq#43,40.337875,125.7834,75.779816
tongzhou_aq#44,41.734615,124.63295,72.71008
tongzhou_aq#45,43.061703,122.56141,66.8777
tongzhou_aq#46,43.001957,125.07074,64.71181
tongzhou_aq#47,44.131145,126.78265,67.60901
yungang_aq#0,31.961832,66.79686,89.73568
yungang_aq#1,32.48297,68.38196,104.53967
yungang_aq#2,33.879723,66.99936,105.618004
yungang_aq#3,32.759956,64.50622,105.93309
yungang_aq#4,33.1804,62.7242,124.88291
yungang_aq#5,32.139877,59.24121,146.20248
yungang_aq#6,32.530285,62.00971,154.54391
yungang_aq#7,32.084076,64.444336,162.02696
yungang_aq#8,33.88697,68.76181,162.19618
yungang_aq#9,34.923,69.48895,159.32643
yungang_aq#10,36.06806,69.52556,151.95021
yungang_aq#11,36.797653,69.85509,139.17949
yungang_aq#12,36.970062,69.91954,114.1131
yungang_aq#13,37.081936,71.07362,105.80946
yungang_aq#14,37.221466,71.42949,105.6896
yungang_aq#15,38.55818,70.82391,105.6896
yungang_aq#16,38.435608,70.49446,105.6896
yungang_aq#17,38.03254,70.29904,104.93562
yungang_aq#18,37.366272,70.28952,96.86833
yungang_aq#19,38.71009,70.10654,88.28119
yungang_aq#20,37.55272,69.549736,81.85212
yungang_aq#21,37.178024,69.4471,73.74771
yungang_aq#22,37.165863,69.96341,70.30202
yungang_aq#23,36.894836,69.584045,71.88582
yungang_aq#24,36.79068,69.70697,83.461685
yungang_aq#25,36.883213,69.505264,104.04763
yungang_aq#26,36.83244,69.48895,105.6896
yungang_aq#27,36.806473,69.6037,105.737236
yungang_aq#28,36.81646,68.917725,119.22754
yungang_aq#29,36.751556,68.56772,146.06439
yungang_aq#30,36.74635,68.48628,160.28523
yungang_aq#31,36.648113,68.52905,164.06613
yungang_aq#32,36.759315,69.77464,156.42947
yungang_aq#33,36.7237,69.58896,151.12962
yungang_aq#34,36.827507,70.0363,149.41403
yungang_aq#35,37.603504,72.49844,139.1231
yungang_aq#36,38.648724,76.2043,110.66983
yungang_aq#37,39.54126,82.619484,105.6896
yungang_aq#38,44.91392,83.84178,105.6896
yungang_aq#39,47.7887,80.87749,105.6896
yungang_aq#40,54.87351,75.30692,105.66222
yungang_aq#41,52.961758,72.01933,102.3105
yungang_aq#42,49.600475,71.991394,94.045586
yungang_aq#43,42.840897,69.98429,86.47815
yungang_aq#44,45.08858,70.9364,81.95574
yungang_aq#45,44.478233,72.792755,78.10458
yungang_aq#46,40.72533,73.18266,73.7041
yungang_aq#47,42.388462,73.83731,76.746445
liulihe_aq#0,43.515564,215.81152,76.08681
liulihe_aq#1,42.752056,230.18633,96.20832
liulihe_aq#2,43.200436,234.59714,96.953026
liulihe_aq#3,43.582016,227.72525,97.74458
liulihe_aq#4,43.786957,213.29135,116.4823
liulihe_aq#5,44.017757,199.8235,144.08926
liulihe_aq#6,43.791508,184.93661,150.70442
liulihe_aq#7,42.451675,183.66574,156.3302
liulihe_aq#8,43.094566,180.22078,156.76646
liulihe_aq#9,43.74144,176.2473,152.67699
liulihe_aq#10,44.191387,175.54388,143.98428
liulihe_aq#11,44.245018,176.55853,131.2926
liulihe_aq#12,44.581024,177.37422,104.018616
liulihe_aq#13,44.692554,176.41515,97.02118
liulihe_aq#14,44.353416,176.26642,96.99127
liulihe_aq#15,44.70908,175.68202,97.00358
liulihe_aq#16,44.606926,176.61214,97.010796
liulihe_aq#17,44.785496,174.35846,95.38983
liulihe_aq#18,44.512665,174.14935,85.221634
liulihe_aq#19,45.25651,174.57268,77.430336
liulihe_aq#20,44.451797,174.32663,71.26311
liulihe_aq#21,44.463,175.50423,63.843483
liulihe_aq#22,44.160633,176.56247,62.540127
liulihe_aq#23,44.066547,175.39516,65.84972
liulihe_aq#24,44.293785,175.82196,77.69147
liulihe_aq#25,44.172092,196.42921,96.420395
liulihe_aq#26,44.136433,208.05988,97.010796
liulihe_aq#27,44.181637,178.46819,97.660995
liulihe_aq#28,43.914227,181.47551,110.90611
liulihe_aq#29,43.62049,175.21613,133.5376
liulihe_aq#30,43.951187,174.03868,147.6207
liulihe_aq#31,44.42885,178.44493,150.95822
liulihe_aq#32,43.60578,174.25774,147.07278
liulihe_aq#33,43.443077,174.33412,142.17494
liulihe_aq#34,43.53467,174.629,137.11078
liulihe_aq#35,43.863853,175.25812,128.1843
liulihe_aq#36,45.173733,175.57823,101.75284
liulihe_aq#37,44.78215,176.00151,97.15839
liulihe_aq#38,45.99792,175.73878,97.05626
liulihe_aq#39,45.76021,175.65361,97.010796
liulihe_aq#40,46.654724,175.73247,97.010796
liulihe_aq#41,47.915863,175.76797,95.3741
liulihe_aq#42,46.060696,173.10358,88.94303
liulihe_aq#43,44.734314,173.55154,82.104225
liulihe_aq#44,44.696846,174.97293,77.52014
liulihe_aq#45,48.282967,165.9852,72.07588
liulihe_aq#46,47.84835,164.57605,69.02767
liulihe_aq#47,48.20323,161.73544,73.97839
wanshouxig_aq#0,41.94262,92.8605,67.95853
wanshouxig_aq#1,40.91671,93.67222,94.64757
wanshouxig_aq#2,41.900867,92.53216,95.79547
wanshouxig_aq#3,41.41696,91.61313,96.15352
wanshouxig_aq#4,41.895157,91.48847,113.87334
wanshouxig_aq#5,40.585632,88.79047,137.30756
wanshouxig_aq#6,41.17044,89.39065,146.69577
wanshouxig_aq#7,40.251335,89.850174,154.89803
wanshouxig_aq#8,41.215904,92.29527,152.88786
wanshouxig_aq#9,42.30498,93.325516,146.44354
wanshouxig_aq#10,42.93982,93.397964,138.3108
wanshouxig_aq#11,43.649784,93.861305,128.26585
wanshouxig_aq#12,44.1325,94.7052,103.23764
wanshouxig_aq#13,47.063046,95.84951,95.86217
wanshouxig_aq#14,46.32956,98.45197,95.79547
wanshouxig_aq#15,45.96718,97.082535,95.54574
wanshouxig_aq#16,45.296814,96.00427,95.67521
wanshouxig_aq#17,46.26658,96.80882,94.81601
wanshouxig_aq#18,45.11136,95.82924,86.85053
wanshouxig_aq#19,45.302444,95.75289,79.22585
wanshouxig_aq#20,44.06735,94.11952,73.50163
wanshouxig_aq#21,43.56732,93.92709,62.753994
wanshouxig_aq#22,43.478687,93.84433,63.01142
wanshouxig_aq#23,43.482048,93.60335,63.313145
wanshouxig_aq#24,43.196167,93.79407,74.78811
wanshouxig_aq#25,43.22174,94.89434,94.19842
wanshouxig_aq#26,43.263794,93.60335,95.79547
wanshouxig_aq#27,43.19211,91.94961,96.05643
wanshouxig_aq#28,42.542194,92.848465,106.43526
wanshouxig_aq#29,40.34211,90.18003,131.78125
wanshouxig_aq#30,40.426983,90.237526,152.43225
wanshouxig_aq#31,40.90744,90.29929,156.3226
wanshouxig_aq#32,39.960743,90.5813,150.5297
wanshouxig_aq#33,39.98268,89.72736,141.27647
wanshouxig_aq#34,40.389225,92.596306,141.62363
wanshouxig_aq#35,42.53482,93.0629,124.42691
wanshouxig_aq#36,43.25619,92.83299,100.09351
wanshouxig_aq#37,42.866257,100.94958,95.83977
wanshouxig_aq#38,46.334213,94.09768,95.79547
wanshouxig_aq#39,48.90867,96.9096,95.75157
wanshouxig_aq#40,50.829285,95.41856,95.79547
wanshouxig_aq#41,58.54446,94.97926,92.29816
wanshouxig_aq#42,54.750244,95.334946,83.33142
wanshouxig_aq#43,46.966812,92.2283,74.339485
wanshouxig_aq#44,49.36153,95.19807,72.00496
wanshouxig_aq#45,49.541958,100.74942,66.04472
wanshouxig_aq#46,49.08171,100.300835,64.65201
wanshouxig_aq#47,49.24478,103.66644,67.791016
mentougou_aq#0,26.286816,70.70472,94.76241
mentougou_aq#1,27.328802,72.84176,107.92823
mentougou_aq#2,30.079563,71.888664,109.25025
mentougou_aq#3,27.021042,69.82593,109.62763
mentougou_aq#4,27.831991,68.0822,127.25533
mentougou_aq#5,26.491188,65.283195,154.00186
mentougou_aq#6,27.287313,67.08595,166.51044
mentougou_aq#7,26.33785,69.29959,170.54672
mentougou_aq#8,27.88064,72.61789,168.13147
mentougou_aq#9,28.488985,73.71744,162.17712
mentougou_aq#10,30.219057,73.63017,152.8075
mentougou_aq#11,31.044888,74.11744,141.18468
mentougou_aq#12,31.041296,74.302826,117.54507
mentougou_aq#13,31.254082,75.0723,109.44004
mentougou_aq#14,31.485113,75.11358,109.25025
mentougou_aq#15,32.15551,74.75459,108.8866
mentougou_aq#16,31.855242,74.187355,109.02878
mentougou_aq#17,31.682203,73.87671,108.45134
mentougou_aq#18,32.161446,73.65697,100.73001
mentougou_aq#19,32.14286,73.77139,92.28986
mentougou_aq#20,31.154238,73.12202,86.07787
mentougou_aq#21,31.387766,73.4977,79.41643
mentougou_aq#22,31.10652,73.73297,75.26872
mentougou_aq#23,31.07625,73.70485,75.37645
mentougou_aq#24,30.986664,74.28376,87.35057
mentougou_aq#25,31.03877,73.98634,107.4862
mentougou_aq#26,30.957691,73.59357,109.25025
mentougou_aq#27,30.96281,74.64934,109.2939
mentougou_aq#28,30.997875,73.86981,119.18359
mentougou_aq#29,30.935379,72.61241,143.32002
mentougou_aq#30,30.952835,72.12243,157.97522
mentougou_aq#31,31.028322,72.74667,163.8202
mentougou_aq#32,30.940727,74.277306,157.77815
mentougou_aq#33,30.96281,74.33779,151.7824
mentougou_aq#34,31.008923,74.33276,149.15085
mentougou_aq#35,31.809998,77.2011,142.19072
mentougou_aq#36,33.097168,80.94852,115.17111
mentougou_aq#37,34.104733,86.2435,109.41527
mentougou_aq#38,36.453262,88.379616,109.28127
mentougou_aq#39,37.271248,84.42526,109.19036
mentougou_aq#40,39.22004,79.58911,109.127235
mentougou_aq#41,39.145683,74.995026,106.04533
mentougou_aq#42,35.990738,73.99895,97.29938
mentougou_aq#43,34.795002,74.001434,90.59867
mentougou_aq#44,34.965496,74.40683,86.200264
mentougou_aq#45,34.267178,75.36579,81.286964
mentougou_aq#46,34.002747,75.21408,78.09452
mentougou_aq#47,35.376663,78.70386,80.81244
dingling_aq#0,27.226439,66.75801,92.20822
dingling_aq#1,26.49378,68.552666,111.52014
dingling_aq#2,25.49687,66.528946,112.68141
dingling_aq#3,32.56498,63.63161,113.07409
dingling_aq#4,30.232021,61.405796,129.41374
dingling_aq#5,32.54325,58.709393,145.45973
dingling_aq#6,33.57878,61.007523,160.00412
dingling_aq#7,35.697197,64.53181,164.68765
dingling_aq#8,38.042667,68.94957,165.24872
dingling_aq#9,39.364304,69.87192,161.16902
dingling_aq#10,41.201904,69.88537,156.499
dingling_aq#11,42.123634,70.20801,147.16177
dingling_aq#12,42.10757,70.218124,122.504524
dingling_aq#13,42.234795,71.21551,113.03445
dingling_aq#14,42.346313,71.62604,112.79712
dingling_aq#15,43.48402,71.39055,112.48969
dingling_aq#16,42.44234,70.45018,112.46767
dingling_aq#17,43.050682,70.30609,112.064705
dingling_aq#18,42.781338,70.01581,104.34382
dingling_aq#19,42.39347,70.22418,96.688095
dingling_aq#20,42.09768,69.84522,92.55883
dingling_aq#21,42.370857,72.40364,84.51714
dingling_aq#22,42.09768,72.34795,80.44008
dingling_aq#23,42.21115,71.45616,81.98815
dingling_aq#24,42.084427,70.46316,89.58087
dingling_aq#25,42.149357,69.87192,109.75114
dingling_aq#26,42.162277,69.950806,112.7152
dingling_aq#27,42.12402,69.841,112.84077
dingling_aq#28,42.106842,69.41502,122.18735
dingling_aq#29,41.975758,68.468636,145.0795
dingling_aq#30,41.923553,68.636826,160.53354
dingling_aq#31,42.01773,68.83436,166.7763
dingling_aq#32,42.06427,69.9305,158.02301
dingling_aq#33,42.09768,70.20911,154.04553
dingling_aq#34,42.12491,70.69964,151.9282
dingling_aq#35,43.539,74.083916,139.61357
dingling_aq#36,45.26318,77.93303,118.75191
dingling_aq#37,46.19311,84.53061,112.96819
dingling_aq#38,49.826576,87.02825,112.80155
dingling_aq#39,50.688946,81.85187,112.79712
dingling_aq#40,54.30619,76.662506,112.75516
dingling_aq#41,54.996426,73.05411,109.15979
dingling_aq#42,53.744938,70.67016,101.78507
dingling_aq#43,49.221382,70.11304,93.65468
dingling_aq#44,48.826775,70.626205,89.26615
dingling_aq#45,47.589615,72.622925,83.251045
dingling_aq#46,45.071266,75.58868,81.29408
dingling_aq#47,45.428574,72.19571,82.616684
donggaocun_aq#0,23.487545,71.19055,94.9359
donggaocun_aq#1,23.282692,73.9326,110.28183
donggaocun_aq#2,23.266338,72.22807,111.27573
donggaocun_aq#3,22.866222,69.25084,111.465515
donggaocun_aq#4,22.580643,67.34627,127.52414
donggaocun_aq#5,23.060421,63.36152,152.02803
donggaocun_aq#6,23.563751,64.660034,168.26334
donggaocun_aq#7,23.099735,67.15668,166.30714
donggaocun_aq#8,22.754591,73.68039,169.53615
donggaocun_aq#9,24.609514,74.80141,162.69743
donggaocun_aq#10,26.230373,74.795494,152.99428
donggaocun_aq#11,27.073935,75.12711,144.26562
donggaocun_aq#12,27.256056,75.49771,120.170494
donggaocun_aq#13,27.67794,77.423584,111.54324
donggaocun_aq#14,27.125622,77.1761,111.2693
donggaocun_aq#15,27.14729,76.07798,111.24459
donggaocun_aq#16,26.969347,75.144325,111.22248
donggaocun_aq#17,27.130068,75.19618,110.57183
donggaocun_aq#18,27.528234,75.31676,103.23543
donggaocun_aq#19,27.361351,75.37214,96.19164
donggaocun_aq#20,27.189062,75.019226,89.53572
donggaocun_aq#21,27.000324,74.73363,81.59643
donggaocun_aq#22,27.000324,75.13456,77.449776
donggaocun_aq#23,27.000324,74.90128,79.62079
donggaocun_aq#24,27.060766,75.45105,87.80829
donggaocun_aq#25,27.063671,75.30348,108.32521
donggaocun_aq#26,27.108223,74.91064,111.2338
donggaocun_aq#27,27.22434,74.96768,111.3499
donggaocun_aq#28,27.110209,75.0777,119.56909
donggaocun_aq#29,27.180271,74.1229,139.6454
donggaocun_aq#30,27.052813,73.03589,153.95691
donggaocun_aq#31,27.070303,73.82195,159.84882
donggaocun_aq#32,26.97623,75.280556,153.62575
donggaocun_aq#33,27.000324,75.243614,148.99811
donggaocun_aq#34,27.014355,75.48103,148.36911
donggaocun_aq#35,28.333746,78.96341,138.17595
donggaocun_aq#36,30.933937,85.70806,117.30909
donggaocun_aq#37,32.406178,92.381744,111.383766
donggaocun_aq#38,33.859688,93.848595,111.28016
donggaocun_aq#39,32.621666,86.531624,111.27573
donggaocun_aq#40,33.84236,80.634346,111.26288
donggaocun_aq#41,32.375122,76.19892,108.4257
donggaocun_aq#42,29.874506,75.080574,99.52687
donggaocun_aq#43,29.382196,74.91064,90.82459
donggaocun_aq#44,29.079275,74.91064,86.88063
donggaocun_aq#45,28.503984,74.938446,80.703606
donggaocun_aq#46,29.134289,74.85787,77.29642
donggaocun_aq#47,28.370499,74.85184,77.53817
nongzhangu_aq#0,41.455,90.18584,71.067825
nongzhangu_aq#1,40.089344,90.36711,93.584335
nongzhangu_aq#2,41.136604,89.318146,94.901695
nongzhangu_aq#3,40.86179,88.593735,95.21976
nongzhangu_aq#4,41.12419,88.452415,118.76765
nongzhangu_aq#5,40.050644,84.16123,144.28072
nongzhangu_aq#6,40.10801,84.70491,154.32169
nongzhangu_aq#7,39.619896,86.4443,164.96838
nongzhangu_aq#8,40.534958,89.51318,158.63339
nongzhangu_aq#9,41.476112,91.00535,153.85641
nongzhangu_aq#10,42.28303,91.0092,147.03896
nongzhangu_aq#11,42.94742,90.95938,130.72298
nongzhangu_aq#12,43.329758,93.02927,101.73913
nongzhangu_aq#13,46.8733,94.09096,94.958755
nongzhangu_aq#14,45.999626,99.14706,94.85795
nongzhangu_aq#15,45.50853,95.89011,94.65196
nongzhangu_aq#16,44.8641,93.283745,94.7247
nongzhangu_aq#17,44.926052,94.77495,93.87744
nongzhangu_aq#18,44.12507,93.43747,86.37685
nongzhangu_aq#19,44.470573,92.95175,80.15681
nongzhangu_aq#20,43.036385,91.80512,75.52476
nongzhangu_aq#21,42.80133,90.93296,65.90695
nongzhangu_aq#22,42.841373,91.23488,65.15361
nongzhangu_aq#23,42.57039,91.00535,63.18445
nongzhangu_aq#24,42.453186,91.290474,75.205414
nongzhangu_aq#25,42.553806,91.841385,93.60204
nongzhangu_aq#26,42.464954,91.06387,94.901695
nongzhangu_aq#27,42.52417,90.49289,95.12705
nongzhangu_aq#28,41.908195,92.45916,105.41677
nongzhangu_aq#29,39.615875,88.01003,130.22905
nongzhangu_aq#30,39.65425,87.46296,146.84012
nongzhangu_aq#31,40.30731,87.808495,151.27896
nongzhangu_aq#32,39.26952,89.50692,145.13521
nongzhangu_aq#33,39.996162,89.2066,136.17911
nongzhangu_aq#34,39.852547,89.159706,136.85141
nongzhangu_aq#35,41.965622,91.62734,122.95534
nongzhangu_aq#36,42.632168,91.30641,98.83633
nongzhangu_aq#37,42.415535,96.047134,94.94599
nongzhangu_aq#38,45.711914,92.443146,94.901695
nongzhangu_aq#39,48.815834,94.84654,94.901695
nongzhangu_aq#40,50.176876,91.82691,94.901695
nongzhangu_aq#41,55.89768,91.26909,91.13596
nongzhangu_aq#42,53.40856,91.59725,82.6768
nongzhangu_aq#43,46.120247,90.66983,74.56486
nongzhangu_aq#44,48.724995,91.31405,71.270515
nongzhangu_aq#45,49.74603,96.29422,66.004845
nongzhangu_aq#46,48.94849,98.79781,64.096825
nongzhangu_aq#47,48.960545,105.37983,67.136444
yufa_aq#0,67.11561,101.360085,69.80952
yufa_aq#1,66.804504,101.071396,92.20299
yufa_aq#2,64.28624,100.35347,93.324524
yufa_aq#3,58.081856,98.620186,93.8204
yufa_aq#4,54.039585,97.34348,112.73029
yufa_aq#5,53.020554,96.842186,136.51013
yufa_aq#6,50.78882,95.443985,152.28429
yufa_aq#7,50.652233,95.19141,151.22694
yufa_aq#8,50.42898,96.88072,154.03343
yufa_aq#9,50.563286,97.57952,148.4861
yufa_aq#10,51.121346,98.69759,139.05348
yufa_aq#11,51.493946,95.95382,125.68157
yufa_aq#12,51.304173,98.45247,99.47157
yufa_aq#13,51.446346,99.21203,93.33491
yufa_aq#14,51.317482,100.29421,93.28078
yufa_aq#15,51.396927,99.82354,93.324524
yufa_aq#16,51.507404,99.69416,93.324524
yufa_aq#17,51.323807,99.36338,91.90153
yufa_aq#18,50.75142,97.91631,83.321106
yufa_aq#19,51.022964,98.55408,75.78214
yufa_aq#20,51.103523,98.05291,67.88858
yufa_aq#21,50.816826,98.39782,59.286198
yufa_aq#22,51.20748,98.37239,58.568157
yufa_aq#23,51.008556,98.383835,60.950195
yufa_aq#24,51.479786,98.469986,73.23901
yufa_aq#25,51.119186,99.37071,92.6184
yufa_aq#26,51.139164,98.5186,93.324524
yufa_aq#27,51.711315,98.94372,93.912285
yufa_aq#28,50.7236,99.264145,105.19245
yufa_aq#29,50.921185,96.979774,128.79709
yufa_aq#30,50.897114,96.784386,147.50021
yufa_aq#31,50.592564,97.74337,150.52504
yufa_aq#32,49.120506,98.31312,147.55933
yufa_aq#33,50.12087,98.558136,142.02974
yufa_aq#34,50.20163,98.48631,136.46817
yufa_aq#35,49.99741,98.85337,122.850525
yufa_aq#36,51.19223,99.49096,97.34487
yufa_aq#37,51.60986,100.379295,93.36882
yufa_aq#38,51.485855,100.74483,93.324524
yufa_aq#39,51.42887,100.32775,93.324524
yufa_aq#40,51.347168,99.19522,93.324524
yufa_aq#41,52.2723,98.87147,91.44861
yufa_aq#42,51.00602,98.40715,84.09116
yufa_aq#43,50.71257,98.47819,76.98057
yufa_aq#44,50.544807,98.684555,72.97997
yufa_aq#45,51.253952,99.40057,67.13014
yufa_aq#46,51.453068,100.27735,64.63423
yufa_aq#47,52.008633,105.94166,68.421234
xizhimenbe_aq#0,45.49438,103.9755,61.07426
xizhimenbe_aq#1,44.39197,104.94814,86.398026
xizhimenbe_aq#2,45.399265,104.24294,87.572136
xizhimenbe_aq#3,44.036293,103.15287,88.040016
xizhimenbe_aq#4,43.8903,102.98365,109.103035
xizhimenbe_aq#5,43.698677,101.29024,132.94029
xizhimenbe_aq#6,43.74114,99.91004,143.15381
xizhimenbe_aq#7,42.51023,100.89333,148.75539
xizhimenbe_aq#8,43.622906,103.32836,146.58536
xizhimenbe_aq#9,44.25067,103.88834,139.15294
xizhimenbe_aq#10,44.756367,104.166985,132.80908
xizhimenbe_aq#11,45.48077,106.27659,118.50093
xizhimenbe_aq#12,46.468582,116.33526,92.66793
xizhimenbe_aq#13,52.101017,121.99326,87.572136
xizhimenbe_aq#14,51.630653,124.85156,87.572136
xizhimenbe_aq#15,48.631165,122.127106,87.50947
xizhimenbe_aq#16,47.712547,118.63824,87.572136
xizhimenbe_aq#17,49.090473,120.185776,86.77165
xizhimenbe_aq#18,48.91866,120.07455,80.0008
xizhimenbe_aq#19,48.592033,119.25705,72.1328
xizhimenbe_aq#20,45.562107,109.44533,66.1936
xizhimenbe_aq#21,44.863136,105.18628,56.946377
xizhimenbe_aq#22,45.567993,105.09825,57.022358
xizhimenbe_aq#23,44.684036,104.60408,56.126656
xizhimenbe_aq#24,44.816532,104.55597,66.43
xizhimenbe_aq#25,44.69373,106.47263,86.75135
xizhimenbe_aq#26,44.705185,104.308105,87.572136
xizhimenbe_aq#27,44.567738,101.48459,87.80199
xizhimenbe_aq#28,44.24205,104.486305,99.61395
xizhimenbe_aq#29,40.474285,98.91115,125.140114
xizhimenbe_aq#30,38.60247,99.111664,147.10995
xizhimenbe_aq#31,41.814705,97.80988,148.8821
xizhimenbe_aq#32,36.88175,98.56587,142.6319
xizhimenbe_aq#33,38.954033,96.35667,134.47119
xizhimenbe_aq#34,40.40461,96.149994,137.48056
xizhimenbe_aq#35,43.240623,100.77196,115.79273
xizhimenbe_aq#36,43.17604,97.63075,91.010635
xizhimenbe_aq#37,42.88051,100.84505,87.61643
xizhimenbe_aq#38,46.672413,101.16734,87.572136
xizhimenbe_aq#39,49.299263,103.93848,87.60072
xizhimenbe_aq#40,48.881916,98.45551,87.572136
xizhimenbe_aq#41,55.548138,100.91988,84.291664
xizhimenbe_aq#42,50.948414,100.52876,77.25387
xizhimenbe_aq#43,47.445972,102.3831,70.85762
xizhimenbe_aq#44,48.912834,99.30614,67.167496
xizhimenbe_aq#45,49.11118,106.376945,61.87452
xizhimenbe_aq#46,47.88468,109.72619,58.92386
xizhimenbe_aq#47,49.91557,114.70861,62.400135
pinggu_aq#0,23.985186,70.7876,96.28818
pinggu_aq#1,23.93894,73.691696,112.31329
pinggu_aq#2,24.09261,71.565704,112.97371
pinggu_aq#3,23.615074,68.975174,113.26996
pinggu_aq#4,23.41856,67.73765,130.38464
pinggu_aq#5,23.78116,63.664856,155.16772
pinggu_aq#6,24.34695,65.50734,171.58037
pinggu_aq#7,23.82694,67.968285,170.46288
pinggu_aq#8,23.43689,73.330826,174.74132
pinggu_aq#9,25.28802,74.86141,167.38475
pinggu_aq#10,26.536228,74.52081,156.77345
pinggu_aq#11,27.567234,74.87279,147.48184
pinggu_aq#12,27.519787,75.77999,122.02223
pinggu_aq#13,28.207996,77.76209,113.31793
pinggu_aq#14,28.006819,77.19432,112.97371
pinggu_aq#15,27.900259,76.087395,112.98242
pinggu_aq#16,27.78244,74.780174,112.92046
pinggu_aq#17,27.682531,74.88872,112.24251
pinggu_aq#18,27.591806,77.95914,104.845055
pinggu_aq#19,27.7799,76.768166,98.43609
pinggu_aq#20,27.685848,74.63721,91.251175
pinggu_aq#21,27.685848,74.785805,83.73086
pinggu_aq#22,27.685848,75.46351,78.90311
pinggu_aq#23,27.751463,75.06183,81.221085
pinggu_aq#24,27.74629,76.02588,89.080986
pinggu_aq#25,27.749199,75.36347,109.74951
pinggu_aq#26,27.793749,74.970634,112.931786
pinggu_aq#27,27.90986,75.108536,113.09798
pinggu_aq#28,27.795734,74.700485,121.33281
pinggu_aq#29,27.824467,73.800064,140.83824
pinggu_aq#30,27.747368,73.24487,153.89331
pinggu_aq#31,27.66016,74.71152,161.06
pinggu_aq#32,28.777401,75.020386,154.61703
pinggu_aq#33,27.99089,75.30361,150.78352
pinggu_aq#34,27.833447,75.74241,149.69803
pinggu_aq#35,29.026447,79.73745,139.83026
pinggu_aq#36,31.72499,86.44774,118.75217
pinggu_aq#37,33.310192,92.02068,113.027916
pinggu_aq#38,34.156265,92.81747,112.97814
pinggu_aq#39,33.518616,86.59535,112.97371
pinggu_aq#40,34.41314,80.34226,112.97371
pinggu_aq#41,33.30258,75.94541,109.85982
pinggu_aq#42,30.570972,75.14057,101.33305
pinggu_aq#43,30.161343,74.970634,92.65363
pinggu_aq#44,29.949347,74.970634,88.36072
pinggu_aq#45,29.282001,74.998436,82.913895
pinggu_aq#46,29.987942,74.96467,79.17782
pinggu_aq#47,29.331768,75.400925,79.57838
nansanhuan_aq#0,47.804707,151.69743,40.161327
nansanhuan_aq#1,46.955105,147.17726,60.859295
nansanhuan_aq#2,47.538944,142.2949,62.171253
nansanhuan_aq#3,46.39365,132.6716,62.805035
nansanhuan_aq#4,45.781006,132.7873,84.25972
nansanhuan_aq#5,45.53573,131.62729,105.54898
nansanhuan_aq#6,44.98404,125.436,117.57449
nansanhuan_aq#7,44.367397,129.39462,130.62494
nansanhuan_aq#8,45.752373,127.72683,129.97903
nansanhuan_aq#9,46.118343,128.16824,123.12677
nansanhuan_aq#10,46.465294,128.5408,111.72032
nansanhuan_aq#11,47.021667,128.4473,86.84283
nansanhuan_aq#12,47.974842,134.29501,65.87503
nansanhuan_aq#13,52.63781,133.25507,62.157887
nansanhuan_aq#14,52.17648,135.69984,62.157887
nansanhuan_aq#15,49.208595,132.8382,62.095215
nansanhuan_aq#16,49.385292,130.20807,62.157887
nansanhuan_aq#17,49.951534,132.24841,61.056145
nansanhuan_aq#18,48.601036,134.24026,56.16169
nansanhuan_aq#19,48.954987,134.82213,49.804363
nansanhuan_aq#20,47.142765,130.49858,44.63659
nansanhuan_aq#21,46.782143,130.60081,40.22125
nansanhuan_aq#22,46.755196,129.17067,39.412437
nansanhuan_aq#23,46.519382,128.33392,35.695793
nansanhuan_aq#24,46.513702,128.74512,44.122326
nansanhuan_aq#25,46.52878,131.65343,62.129
nansanhuan_aq#26,46.472298,130.64648,62.157887
nansanhuan_aq#27,46.550556,127.28087,63.543327
nansanhuan_aq#28,46.029617,128.1997,75.37103
nansanhuan_aq#29,43.516693,124.659515,101.03727
nansanhuan_aq#30,43.27638,122.80923,128.12321
nansanhuan_aq#31,43.701954,120.92007,139.41054
nansanhuan_aq#32,41.644714,122.573875,136.79056
nansanhuan_aq#33,41.23298,122.09995,132.8695
nansanhuan_aq#34,43.60843,122.4583,121.23683
nansanhuan_aq#35,45.30989,124.314445,86.70147
nansanhuan_aq#36,45.245064,123.40204,64.70183
nansanhuan_aq#37,45.59834,127.47908,62.202175
nansanhuan_aq#38,47.63612,124.10165,62.157887
nansanhuan_aq#39,50.68263,125.510864,62.157887
nansanhuan_aq#40,52.13554,123.318985,62.157887
nansanhuan_aq#41,55.565132,126.33077,61.359295
nansanhuan_aq#42,54.75878,126.154144,58.42731
nansanhuan_aq#43,48.752712,124.58479,54.048225
nansanhuan_aq#44,50.99338,125.38006,50.631855
nansanhuan_aq#45,52.121048,127.87087,46.578796
nansanhuan_aq#46,51.5319,129.39713,43.52273
nansanhuan_aq#47,51.135433,131.77779,43.008205
huairou_aq#0,28.244427,70.61461,92.35576
huairou_aq#1,28.436201,72.57735,111.05214
huairou_aq#2,26.553646,71.37011,112.30453
huairou_aq#3,29.89065,69.60528,112.55167
huairou_aq#4,29.944118,67.06969,128.94003
huairou_aq#5,28.257626,64.130775,148.8779
huairou_aq#6,29.01119,66.05051,161.87947
huairou_aq#7,30.960817,67.636444,164.96606
huairou_aq#8,32.080566,72.29257,165.2111
huairou_aq#9,34.031593,73.36852,161.14638
huairou_aq#10,36.23478,73.47775,156.88834
huairou_aq#11,37.12894,73.77594,146.90187
huairou_aq#12,37.136307,74.12643,121.650185
huairou_aq#13,37.221844,75.75314,112.48166
huairou_aq#14,37.2042,75.32159,112.27378
huairou_aq#15,37.32225,74.64497,112.28249
huairou_aq#16,37.30577,73.5719,112.220535
huairou_aq#17,37.55871,73.64949,111.56685
huairou_aq#18,37.470497,73.44502,103.914825
huairou_aq#19,37.168274,73.58307,95.86904
huairou_aq#20,37.13557,73.442474,91.12333
huairou_aq#21,37.273514,75.8153,83.224686
huairou_aq#22,37.13557,76.97848,78.92288
huairou_aq#23,37.26422,75.66936,80.63033
huairou_aq#24,37.196014,75.2703,87.905014
huairou_aq#25,37.13557,73.93187,109.3149
huairou_aq#26,37.124565,73.47775,112.23186
huairou_aq#27,37.148987,73.9369,112.31743
huairou_aq#28,37.170635,73.56889,121.99234
huairou_aq#29,37.092434,72.33809,144.39864
huairou_aq#30,37.10372,72.116104,158.50917
huairou_aq#31,37.203384,73.15662,165.12904
huairou_aq#32,37.13114,73.52549,156.88013
huairou_aq#33,37.13557,74.24899,152.97192
huairou_aq#34,37.162796,74.139206,150.57529
huairou_aq#35,38.346233,77.550026,138.86128
huairou_aq#36,40.72207,82.1927,118.395035
huairou_aq#37,42.71453,87.95829,112.38182
huairou_aq#38,43.41329,89.39128,112.27885
huairou_aq#39,43.503136,84.825226,112.27378
huairou_aq#40,47.346226,78.651566,112.23732
huairou_aq#41,46.304546,74.39246,108.54479
huairou_aq#42,43.621887,73.667,101.34945
huairou_aq#43,41.444817,73.41295,92.71139
huairou_aq#44,40.942413,73.16596,88.591644
huairou_aq#45,40.282646,73.89667,83.43191
huairou_aq#46,38.6168,76.964386,80.91039
huairou_aq#47,39.271507,75.97064,80.89648
dongsi_aq#0,48.037575,169.27446,77.71841
dongsi_aq#1,46.11386,164.8226,103.56004
dongsi_aq#2,46.5517,161.65019,104.70903
dongsi_aq#3,46.060814,141.90912,105.25765
dongsi_aq#4,45.479782,140.36345,125.278595
dongsi_aq#5,45.0308,142.85078,150.31589
dongsi_aq#6,45.08411,133.09525,161.04376
dongsi_aq#7,44.043663,136.70404,170.17639
dongsi_aq#8,45.166496,134.8859,166.46208
dongsi_aq#9,45.53539,135.8818,161.95927
dongsi_aq#10,46.04273,136.25244,151.74194
dongsi_aq#11,46.586407,135.84697,140.07983
dongsi_aq#12,47.17986,140.0623,115.33258
dongsi_aq#13,52.038063,140.07315,104.8794
dongsi_aq#14,51.28882,143.21721,104.77022
dongsi_aq#15,48.503635,139.37494,104.71651
dongsi_aq#16,48.5633,137.16394,104.77022
dongsi_aq#17,49.330696,139.37267,103.82185
dongsi_aq#18,48.151028,140.78859,95.57694
dongsi_aq#19,48.61683,140.80493,88.321175
dongsi_aq#20,46.94264,138.01772,83.20944
dongsi_aq#21,46.41217,137.1032,73.12012
dongsi_aq#22,46.347996,136.80048,73.168
dongsi_aq#23,46.28044,136.00554,74.47847
dongsi_aq#24,46.470974,136.38927,83.23038
dongsi_aq#25,46.20263,145.31992,102.29072
dongsi_aq#26,46.20734,146.93245,104.77022
dongsi_aq#27,46.050694,136.27737,104.981735
dongsi_aq#28,45.404957,138.8008,115.20909
dongsi_aq#29,42.805904,132.88892,135.3677
dongsi_aq#30,42.77185,130.10968,150.88776
dongsi_aq#31,43.56495,130.56268,153.8349
dongsi_aq#32,41.03533,129.50119,148.19254
dongsi_aq#33,40.895386,127.27207,143.06499
dongsi_aq#34,42.911804,129.8935,141.46011
dongsi_aq#35,44.635902,131.18846,130.11942
dongsi_aq#36,45.3151,129.51698,109.451836
dongsi_aq#37,44.900906,136.8786,104.814514
dongsi_aq#38,47.186836,130.64905,104.77022
dongsi_aq#39,50.849255,134.25531,104.77022
dongsi_aq#40,50.582867,131.8406,104.77022
dongsi_aq#41,57.254826,134.50258,101.02765
dongsi_aq#42,54.71397,133.05838,90.7402
dongsi_aq#43,48.593697,131.89445,80.980896
dongsi_aq#44,50.52761,134.33466,78.13451
dongsi_aq#45,51.92699,134.05061,72.04994
dongsi_aq#46,51.295643,135.64523,70.10625
dongsi_aq#47,51.766045,141.19945,74.34536
badaling_aq#0,32.67224,81.71539,73.71168
badaling_aq#1,33.802483,82.9923,93.66291
badaling_aq#2,33.754074,82.38116,94.52717
badaling_aq#3,33.38669,79.82318,94.70826
badaling_aq#4,33.880764,78.25619,114.1512
badaling_aq#5,33.91854,74.937904,141.31429
badaling_aq#6,32.366196,75.73471,147.36198
badaling_aq#7,31.048025,76.83127,153.54736
badaling_aq#8,32.43448,81.707115,153.99297
badaling_aq#9,34.174202,82.76915,146.96936
badaling_aq#10,36.491158,82.973526,141.9886
badaling_aq#11,37.409374,83.03223,129.79762
badaling_aq#12,37.484257,83.53579,101.76572
badaling_aq#13,37.597534,84.69627,94.52717
badaling_aq#14,37.493755,85.44119,94.52717
badaling_aq#15,37.57068,84.85322,94.52717
badaling_aq#16,37.594635,84.28512,94.52717
badaling_aq#17,37.455666,83.3026,93.07227
badaling_aq#18,37.357513,83.040405,83.268166
badaling_aq#19,37.381737,82.973526,74.727684
badaling_aq#20,37.312447,82.933815,69.817825
badaling_aq#21,37.349003,82.914734,62.40305
badaling_aq#22,37.312447,82.973526,61.680008
badaling_aq#23,37.312447,82.973526,65.581764
badaling_aq#24,37.312447,82.93762,76.29254
badaling_aq#25,37.312447,82.973526,94.20658
badaling_aq#26,37.312447,83.29022,94.52717
badaling_aq#27,37.312447,83.06459,94.889015
badaling_aq#28,37.31201,83.28151,109.60481
badaling_aq#29,37.284,82.75602,135.69974
badaling_aq#30,37.240883,82.986664,149.42282
badaling_aq#31,37.409943,82.75013,150.55843
badaling_aq#32,37.316948,83.04814,148.0014
badaling_aq#33,37.32856,83.33591,144.30147
badaling_aq#34,37.364464,83.173096,138.71083
badaling_aq#35,38.296562,84.97952,127.08038
badaling_aq#36,41.656624,91.8981,99.6597
badaling_aq#37,42.967518,95.807816,94.52717
badaling_aq#38,44.300804,97.917755,94.52717
badaling_aq#39,44.13258,94.05713,94.52717
badaling_aq#40,45.94869,90.180954,94.51432
badaling_aq#41,45.6438,84.684,93.30731
badaling_aq#42,42.54066,83.14601,85.48638
badaling_aq#43,41.309917,82.973526,79.66773
badaling_aq#44,40.132767,82.973526,75.795654
badaling_aq#45,38.84597,83.36327,69.271255
badaling_aq#46,38.527702,84.23807,67.09608
badaling_aq#47,39.071037,84.30955,73.382965
yanqin_aq#0,41.16558,83.55045,85.50267
yanqin_aq#1,41.597992,84.50667,110.21164
yanqin_aq#2,41.448517,84.6028,110.848206
yanqin_aq#3,41.208412,82.37243,111.538445
yanqin_aq#4,41.113113,81.6073,128.34543
yanqin_aq#5,41.094944,78.930626,151.65523
yanqin_aq#6,40.717823,77.77479,164.29782
yanqin_aq#7,39.67472,78.58689,167.45058
yanqin_aq#8,39.51291,83.34703,168.36317
yanqin_aq#9,40.722992,84.2998,161.48315
yanqin_aq#10,41.86289,84.45416,155.6864
yanqin_aq#11,42.168262,84.57051,146.61366
yanqin_aq#12,42.230732,85.060326,120.732956
yanqin_aq#13,42.33179,86.435814,111.05573
yanqin_aq#14,42.241,86.92581,110.97459
yanqin_aq#15,42.363785,86.36605,110.925186
yanqin_aq#16,42.397522,85.35313,110.97459
yanqin_aq#17,42.221134,84.82967,110.15318
yanqin_aq#18,41.990425,84.405136,101.22578
yanqin_aq#19,42.00568,84.528824,93.9593
yanqin_aq#20,41.889122,84.47209,87.50111
yanqin_aq#21,42.07183,84.51181,78.69322
yanqin_aq#22,41.75551,84.51181,75.55907
yanqin_aq#23,41.908104,84.51181,77.055565
yanqin_aq#24,42.054066,84.4759,90.10267
yanqin_aq#25,42.110764,84.56945,108.23669
yanqin_aq#26,42.03073,84.95108,110.89267
yanqin_aq#27,41.950027,85.20199,111.02091
yanqin_aq#28,41.880836,84.774765,121.181564
yanqin_aq#29,41.568344,84.162994,142.93256
yanqin_aq#30,41.637924,84.37802,157.32574
yanqin_aq#31,42.026142,83.89835,161.35622
yanqin_aq#32,41.456245,84.54784,156.15025
yanqin_aq#33,41.479713,84.80302,151.46428
yanqin_aq#34,41.44941,84.56882,148.28923
yanqin_aq#35,42.04225,85.65885,138.30917
yanqin_aq#36,43.617023,89.872696,116.49279
yanqin_aq#37,43.89437,93.23809,111.04719
yanqin_aq#38,44.50169,93.06688,110.981834
yanqin_aq#39,44.52865,91.37706,110.93069
yanqin_aq#40,44.745125,88.10749,110.92669
yanqin_aq#41,45.380077,85.67794,107.37153
yanqin_aq#42,43.89557,84.52317,98.67621
yanqin_aq#43,43.727833,84.35392,91.801926
yanqin_aq#44,42.996845,85.36101,88.352135
yanqin_aq#45,42.755943,84.90826,80.37639
yanqin_aq#46,43.07031,86.12581,77.33014
yanqin_aq#47,43.481796,86.71887,81.22375
gucheng_aq#0,40.918655,86.2222,82.45026
gucheng_aq#1,39.83873,86.52832,104.49156
gucheng_aq#2,42.830555,85.75943,106.18219
gucheng_aq#3,39.78225,83.95628,106.50383
gucheng_aq#4,40.513607,82.985085,128.77847
gucheng_aq#5,39.583675,78.7425,150.79948
gucheng_aq#6,39.919563,79.65653,165.80275
gucheng_aq#7,39.247406,81.923416,174.83185
gucheng_aq#8,40.045353,86.28669,172.25919
gucheng_aq#9,40.857674,86.81802,164.68361
gucheng_aq#10,41.658882,87.33436,155.90814
gucheng_aq#11,42.361496,86.94941,140.66304
gucheng_aq#12,43.065506,89.51764,116.07805
gucheng_aq#13,44.11192,91.24613,106.18219
gucheng_aq#14,44.337616,94.326385,106.18219
gucheng_aq#15,45.040173,90.32539,106.04268
gucheng_aq#16,43.998947,89.522896,106.18219
gucheng_aq#17,44.17776,89.47651,105.43385
gucheng_aq#18,43.67218,89.91204,97.83123
gucheng_aq#19,43.50734,89.60883,90.40437
gucheng_aq#20,42.47432,87.61311,84.70864
gucheng_aq#21,42.37332,87.83434,75.662445
gucheng_aq#22,42.313362,87.726746,73.97562
gucheng_aq#23,41.974,87.32525,76.34652
gucheng_aq#24,42.00876,87.58287,85.69381
gucheng_aq#25,42.03991,87.444756,103.91589
gucheng_aq#26,41.995975,87.29776,106.10027
gucheng_aq#27,41.979614,88.01595,106.286156
gucheng_aq#28,42.05271,87.702225,114.59185
gucheng_aq#29,40.184452,86.63459,136.64474
gucheng_aq#30,38.76242,86.07698,151.59303
gucheng_aq#31,40.2221,86.58924,155.3799
gucheng_aq#32,38.65812,87.57184,149.7152
gucheng_aq#33,39.705894,87.13731,143.97342
gucheng_aq#34,39.97935,87.076515,142.61836
gucheng_aq#35,41.97831,88.387955,131.78271
gucheng_aq#36,41.673523,89.893745,111.28308
gucheng_aq#37,42.48655,101.698006,106.261284
gucheng_aq#38,47.179073,93.308464,106.20878
gucheng_aq#39,49.968445,93.980736,106.18219
gucheng_aq#40,51.494503,91.12004,106.18219
gucheng_aq#41,55.59031,89.03412,102.1944
gucheng_aq#42,50.44953,87.424995,92.42386
gucheng_aq#43,46.168346,87.02578,82.48866
gucheng_aq#44,47.815056,89.724335,78.07048
gucheng_aq#45,48.02599,94.47945,71.61827
gucheng_aq#46,46.49892,97.52434,69.98468
gucheng_aq#47,48.641243,103.67392,74.65716
fengtaihua_aq#0,52.923668,145.7706,78.54734
fengtaihua_aq#1,50.927563,145.2872,100.81552
fengtaihua_aq#2,51.309082,141.50018,101.75654
fengtaihua_aq#3,49.490288,136.00021,102.1892
fengtaihua_aq#4,47.480927,133.82451,124.25381
fengtaihua_aq#5,47.192886,132.57254,148.86324
fengtaihua_aq#6,46.60329,129.63397,164.1942
fengtaihua_aq#7,45.4549,131.15173,168.24568
fengtaihua_aq#8,46.88122,131.2815,164.05072
fengtaihua_aq#9,47.06335,131.93484,158.79607
fengtaihua_aq#10,47.529453,132.02512,150.8439
fengtaihua_aq#11,47.82035,133.92854,136.86221
fengtaihua_aq#12,49.385338,143.06453,109.585526
fengtaihua_aq#13,52.21581,147.82082,101.796074
fengtaihua_aq#14,54.92725,149.34851,101.75654
fengtaihua_aq#15,52.024426,145.1137,101.75654
fengtaihua_aq#16,52.050407,142.50507,101.75654
fengtaihua_aq#17,53.479107,144.52557,100.85522
fengtaihua_aq#18,52.01617,145.46623,93.30812
fengtaihua_aq#19,53.17228,144.20258,85.2841
fengtaihua_aq#20,48.6143,136.77383,76.77227
fengtaihua_aq#21,48.0607,133.21931,65.458786
fengtaihua_aq#22,48.644245,133.9314,64.4673
fengtaihua_aq#23,47.67411,131.92023,65.55136
fengtaihua_aq#24,47.769943,132.04874,80.36093
fengtaihua_aq#25,47.92788,141.42953,100.76242
fengtaihua_aq#26,47.71346,141.65227,101.75654
fengtaihua_aq#27,47.911125,134.40994,102.086044
fengtaihua_aq#28,47.24667,135.77519,112.899895
fengtaihua_aq#29,44.74195,129.04044,137.37154
fengtaihua_aq#30,42.81641,125.69516,151.80855
fengtaihua_aq#31,45.08671,123.91923,158.07007
fengtaihua_aq#32,42.103344,125.416275,152.45895
fengtaihua_aq#33,41.19116,122.247246,145.05486
fengtaihua_aq#34,43.85751,120.756035,143.04033
fengtaihua_aq#35,46.64873,125.72548,132.20633
fengtaihua_aq#36,45.695133,120.789116,106.06602
fengtaihua_aq#37,46.857174,127.76321,101.800835
fengtaihua_aq#38,49.291824,126.521255,101.75654
fengtaihua_aq#39,51.36921,129.092,101.75654
fengtaihua_aq#40,51.63023,124.16337,101.75654
fengtaihua_aq#41,56.429993,127.84134,98.33537
fengtaihua_aq#42,53.494267,123.249756,89.46202
fengtaihua_aq#43,49.466064,127.79925,80.98166
fengtaihua_aq#44,50.279427,123.83058,77.47362
fengtaihua_aq#45,52.81968,133.11508,71.519806
fengtaihua_aq#46,51.18215,136.27316,68.76174
fengtaihua_aq#47,52.89089,137.08734,72.864685
wanliu_aq#0,41.739902,91.47679,77.94252
wanliu_aq#1,40.70025,92.25253,101.68728
wanliu_aq#2,42.30501,91.05824,103.09944
wanliu_aq#3,40.121418,90.033516,103.69304
wanliu_aq#4,40.783447,90.34069,125.441185
wanliu_aq#5,39.757877,86.645966,152.0982
wanliu_aq#6,40.523026,86.973114,162.68347
wanliu_aq#7,39.362526,88.69316,169.3206
wanliu_aq#8,40.683586,91.672554,164.50775
wanliu_aq#9,41.37349,92.21554,158.46858
wanliu_aq#10,42.10754,92.71815,152.24222
wanliu_aq#11,42.923813,92.36509,138.22311
wanliu_aq#12,43.40151,94.59406,112.33474
wanliu_aq#13,46.911766,96.91398,103.20985
wanliu_aq#14,45.66546,99.40575,103.09944
wanliu_aq#15,45.47467,96.54777,103.04573
wanliu_aq#16,44.90129,95.18067,103.09944
wanliu_aq#17,45.13668,96.203804,102.1686
wanliu_aq#18,44.289623,96.15329,94.751335
wanliu_aq#19,44.2278,95.500626,87.70286
wanliu_aq#20,43.07443,93.59292,82.91239
wanliu_aq#21,43.034153,93.26433,71.31915
wanliu_aq#22,42.946026,93.22233,70.477295
wanliu_aq#23,42.642418,92.833984,71.038284
wanliu_aq#24,42.650814,93.061066,81.019775
wanliu_aq#25,42.66764,93.746994,101.42676
wanliu_aq#26,42.645428,92.82497,103.09944
wanliu_aq#27,42.601902,92.45406,103.24022
wanliu_aq#28,42.117764,93.30703,113.41191
wanliu_aq#29,39.97032,90.2573,136.06485
wanliu_aq#30,39.12915,90.63621,151.47797
wanliu_aq#31,40.977226,91.88337,155.24373
wanliu_aq#32,39.758602,90.769264,149.24236
wanliu_aq#33,41.0402,91.392395,142.34763
wanliu_aq#34,40.919464,92.101074,140.99962
wanliu_aq#35,42.610523,93.22966,126.9069
wanliu_aq#36,42.4162,95.07426,106.24391
wanliu_aq#37,42.03689,104.28677,103.14374
wanliu_aq#38,47.45672,96.08711,103.09944
wanliu_aq#39,49.29728,98.7614,103.09944
wanliu_aq#40,51.85682,95.15978,103.07206
wanliu_aq#41,55.99686,92.72658,98.94667
wanliu_aq#42,51.20155,92.65888,89.92703
wanliu_aq#43,47.267,92.19831,79.70058
wanliu_aq#44,48.359173,94.439354,77.38288
wanliu_aq#45,49.058224,98.418976,71.14563
wanliu_aq#46,46.385086,101.0109,69.88725
wanliu_aq#47,48.819443,110.192474,73.90477
yongledian_aq#0,37.440395,91.04496,63.49666
yongledian_aq#1,37.00009,91.82764,83.8557
yongledian_aq#2,38.00702,91.97533,84.63369
yongledian_aq#3,36.87451,89.88294,85.16921
yongledian_aq#4,37.31144,89.15581,110.17088
yongledian_aq#5,36.982193,86.28595,134.72992
yongledian_aq#6,37.23493,87.01024,148.03864
yongledian_aq#7,36.562714,88.65519,149.63667
yongledian_aq#8,37.03311,90.77683,154.09193
yongledian_aq#9,38.007397,91.641754,147.05092
yongledian_aq#10,39.123795,91.95281,134.40956
yongledian_aq#11,39.72752,92.19245,116.30377
yongledian_aq#12,40.19552,92.98833,89.944046
yongledian_aq#13,40.251316,93.70837,84.7758
yongledian_aq#14,40.410637,95.44517,84.766594
yongledian_aq#15,40.313904,97.93601,84.75662
yongledian_aq#16,40.81637,94.66941,84.75662
yongledian_aq#17,40.394173,94.03285,83.97017
yongledian_aq#18,40.53801,91.83607,76.544655
yongledian_aq#19,41.238747,92.58107,68.861206
yongledian_aq#20,39.943882,92.13665,60.835686
yongledian_aq#21,40.091415,91.91583,53.860844
yongledian_aq#22,39.670673,92.03757,53.1397
yongledian_aq#23,39.6839,92.164215,52.15985
yongledian_aq#24,39.75209,92.55263,64.989136
yongledian_aq#25,39.784233,92.087654,83.912704
yongledian_aq#26,39.702835,92.12567,84.75662
yongledian_aq#27,39.90443,92.84094,85.15065
yongledian_aq#28,39.69609,93.573814,97.60722
yongledian_aq#29,39.4464,91.58421,123.04135
yongledian_aq#30,38.77819,91.96934,148.62321
yongledian_aq#31,39.468163,92.44978,155.7836
yongledian_aq#32,39.146126,91.954666,155.18872
yongledian_aq#33,38.780243,92.02201,142.53778
yongledian_aq#34,39.56613,92.05156,136.8023
yongledian_aq#35,40.1176,92.61871,117.51639
yongledian_aq#36,40.388374,95.28393,87.630394
yongledian_aq#37,40.705338,98.6593,84.80092
yongledian_aq#38,42.864685,99.73578,84.75662
yongledian_aq#39,43.11787,97.86382,84.73045
yongledian_aq#40,44.47297,95.21208,84.75662
yongledian_aq#41,47.395836,93.148056,81.89506
yongledian_aq#42,46.061226,92.53513,76.017815
yongledian_aq#43,41.747345,92.03296,69.90222
yongledian_aq#44,42.46234,92.34165,66.3062
yongledian_aq#45,43.81116,93.70176,60.66925
yongledian_aq#46,44.603912,93.46177,57.500355
yongledian_aq#47,44.504467,95.3706,60.590965
aotizhongx_aq#0,42.697094,104.47017,74.31131
aotizhongx_aq#1,41.099716,106.158195,97.07899
aotizhongx_aq#2,43.596165,103.28245,98.34784
aotizhongx_aq#3,41.618477,102.33095,98.919754
aotizhongx_aq#4,42.130367,102.52271,120.904625
aotizhongx_aq#5,41.112816,99.45703,146.28436
aotizhongx_aq#6,41.119858,97.525566,159.47032
aotizhongx_aq#7,40.275433,100.120285,168.0408
aotizhongx_aq#8,41.464638,102.9628,164.55371
aotizhongx_aq#9,42.04375,103.75883,157.90941
aotizhongx_aq#10,42.860836,103.55701,150.13916
aotizhongx_aq#11,43.775284,105.88455,134.53015
aotizhongx_aq#12,44.00394,117.098145,107.45344
aotizhongx_aq#13,48.391663,122.08718,98.5224
aotizhongx_aq#14,47.45248,126.51053,98.40903
aotizhongx_aq#15,46.40659,125.52656,98.355316
aotizhongx_aq#16,45.73902,118.50412,98.40903
aotizhongx_aq#17,45.29858,122.11188,97.50989
aotizhongx_aq#18,45.081066,119.670395,89.85923
aotizhongx_aq#19,44.9497,118.39732,83.012024
aotizhongx_aq#20,43.502068,110.239716,79.43991
aotizhongx_aq#21,43.63563,105.40024,68.8896
aotizhongx_aq#22,43.367718,104.59696,68.46057
aotizhongx_aq#23,43.337482,104.05736,68.39951
aotizhongx_aq#24,43.220287,104.415146,78.00133
aotizhongx_aq#25,43.41923,106.1886,96.938866
aotizhongx_aq#26,43.313423,104.14186,98.40903
aotizhongx_aq#27,43.310745,102.80238,98.620544
aotizhongx_aq#28,42.675346,104.4996,108.841896
aotizhongx_aq#29,40.623604,97.684906,132.0681
aotizhongx_aq#30,38.765156,97.977745,148.44499
aotizhongx_aq#31,40.83245,95.73282,152.82896
aotizhongx_aq#32,39.1653,97.73398,147.45885
aotizhongx_aq#33,40.547302,95.87197,138.53217
aotizhongx_aq#34,40.208305,94.84414,138.79674
aotizhongx_aq#35,42.78045,100.869514,124.85164
aotizhongx_aq#36,42.80445,95.1365,102.86143
aotizhongx_aq#37,42.737495,101.71453,98.45332
aotizhongx_aq#38,46.590042,100.75578,98.40903
aotizhongx_aq#39,49.849396,103.98575,98.40903
aotizhongx_aq#40,51.563942,96.672165,98.40903
aotizhongx_aq#41,58.01061,100.5899,94.721115
aotizhongx_aq#42,55.33375,99.11998,85.60502
aotizhongx_aq#43,47.049873,101.34405,76.85738
aotizhongx_aq#44,49.3879,98.88754,74.69745
aotizhongx_aq#45,50.29484,107.90326,68.8657
aotizhongx_aq#46,49.481003,108.4774,67.18751
aotizhongx_aq#47,50.808483,119.13054,70.21761
dongsihuan_aq#0,75.20557,201.59924,62.806076
dongsihuan_aq#1,76.27669,211.01173,81.83165
dongsihuan_aq#2,72.894135,210.44038,83.28207
dongsihuan_aq#3,69.71329,184.31506,83.91927
dongsihuan_aq#4,59.02046,181.38998,111.27083
dongsihuan_aq#5,56.745842,184.80295,134.7077
dongsihuan_aq#6,55.60837,172.82454,142.88603
dongsihuan_aq#7,54.519993,176.92798,156.29831
dongsihuan_aq#8,55.622097,174.49864,151.8891
dongsihuan_aq#9,56.09008,170.45229,144.84138
dongsihuan_aq#10,56.37588,175.36317,136.79553
dongsihuan_aq#11,57.060074,171.07605,115.68412
dongsihuan_aq#12,58.918743,177.20825,87.97193
dongsihuan_aq#13,71.59169,180.46568,83.22575
dongsihuan_aq#14,75.02436,182.92752,83.23832
dongsihuan_aq#15,70.21773,184.70494,83.16569
dongsihuan_aq#16,63.122623,179.89343,83.18967
dongsihuan_aq#17,67.566635,181.98323,82.28908
dongsihuan_aq#18,59.3927,180.18068,76.26183
dongsihuan_aq#19,66.41088,183.36757,70.50017
dongsihuan_aq#20,56.847454,178.59612,65.989235
dongsihuan_aq#21,56.539883,176.04422,58.88869
dongsihuan_aq#22,56.82629,176.5702,57.175205
dongsihuan_aq#23,57.09341,175.90395,55.79675
dongsihuan_aq#24,56.952625,175.79431,66.15
dongsihuan_aq#25,56.65913,185.68163,82.24349
dongsihuan_aq#26,56.853985,190.89784,83.28207
dongsihuan_aq#27,56.57744,176.55107,83.87235
dongsihuan_aq#28,56.518326,176.52829,97.194244
dongsihuan_aq#29,51.69902,170.2252,119.05774
dongsihuan_aq#30,51.896717,166.06265,135.69417
dongsihuan_aq#31,51.967762,165.04095,139.29475
dongsihuan_aq#32,48.09529,165.87833,134.58469
dongsihuan_aq#33,48.583714,160.93803,126.554504
dongsihuan_aq#34,50.974194,163.69095,125.148964
dongsihuan_aq#35,53.85669,168.09476,105.76306
dongsihuan_aq#36,54.858635,162.71959,85.48232
dongsihuan_aq#37,52.991707,167.33707,83.32636
dongsihuan_aq#38,55.744007,163.88893,83.28207
dongsihuan_aq#39,58.13782,170.08893,83.28207
dongsihuan_aq#40,59.60187,165.53233,83.28207
dongsihuan_aq#41,65.50726,171.00778,80.08819
dongsihuan_aq#42,61.46939,166.84157,73.26802
dongsihuan_aq#43,57.400475,170.01305,66.96735
dongsihuan_aq#44,59.326897,167.79715,63.35485
dongsihuan_aq#45,61.508827,168.32034,58.588028
dongsihuan_aq#46,60.712204,176.3159,56.498325
dongsihuan_aq#47,63.770782,175.93677,58.654312
daxing_aq#0,46.244743,152.52365,79.779594
daxing_aq#1,45.092667,150.933,104.06417
daxing_aq#2,45.670906,142.41373,104.91664
daxing_aq#3,45.47351,131.67087,105.34693
daxing_aq#4,44.81485,130.61209,129.44688
daxing_aq#5,44.734364,132.92938,152.00473
daxing_aq#6,44.285213,125.18672,164.8031
daxing_aq#7,43.362423,127.666115,171.43175
daxing_aq#8,44.378197,125.82354,164.82028
daxing_aq#9,44.79227,126.104576,159.64139
daxing_aq#10,45.096424,126.392334,152.89139
daxing_aq#11,45.240395,126.64706,139.15773
daxing_aq#12,45.93207,127.1958,113.1516
daxing_aq#13,46.19983,127.304565,104.86033
daxing_aq#14,46.060204,127.62473,104.872894
daxing_aq#15,45.746273,127.170074,104.72062
daxing_aq#16,46.509815,127.1478,104.79638
daxing_aq#17,47.481747,126.582306,104.04584
daxing_aq#18,46.69871,126.26084,96.70655
daxing_aq#19,47.936047,126.51925,89.93095
daxing_aq#20,46.381645,126.196625,82.92734
daxing_aq#21,45.196285,126.618126,71.746
daxing_aq#22,45.443855,126.40176,69.58766
daxing_aq#23,44.8575,126.18483,68.574326
daxing_aq#24,44.969883,126.50842,83.28708
daxing_aq#25,45.104744,133.25243,103.573265
daxing_aq#26,45.00809,137.78696,104.91664
daxing_aq#27,45.076603,130.07553,105.23176
daxing_aq#28,44.950737,129.92839,115.21552
daxing_aq#29,44.615845,126.759834,137.68521
daxing_aq#30,44.532864,125.42174,155.55301
daxing_aq#31,44.762875,128.005,163.99593
daxing_aq#32,44.110966,125.61509,155.90215
daxing_aq#33,43.71907,126.36201,147.15672
daxing_aq#34,44.574833,126.08928,146.90515
daxing_aq#35,44.677784,126.12917,130.81757
daxing_aq#36,45.300358,126.4039,108.79293
daxing_aq#37,45.580215,127.25425,104.96094
daxing_aq#38,47.084263,127.93279,104.91664
daxing_aq#39,49.13349,127.35697,104.91664
daxing_aq#40,49.622227,126.84948,104.91664
daxing_aq#41,53.17904,126.608955,101.0869
daxing_aq#42,49.518147,125.933014,91.6336
daxing_aq#43,46.948273,125.67847,82.368675
daxing_aq#44,48.900562,125.49851,80.7971
daxing_aq#45,49.984818,120.80583,73.194885
daxing_aq#46,48.095013,121.74761,71.75215
daxing_aq#47,49.90626,124.536156,73.1729
yongdingme_aq#0,70.95568,98.846855,66.95273
yongdingme_aq#1,69.19322,98.5737,95.74825
yongdingme_aq#2,66.46486,98.11833,97.07608
yongdingme_aq#3,65.65283,96.656525,97.37446
yongdingme_aq#4,56.428986,96.498505,120.997475
yongdingme_aq#5,54.974922,94.51982,142.07303
yongdingme_aq#6,53.22342,93.2619,150.57307
yongdingme_aq#7,52.905224,94.11332,163.71413
yongdingme_aq#8,54.274754,96.50598,157.19742
yongdingme_aq#9,53.674393,97.36276,154.18382
yongdingme_aq#10,54.77264,98.018105,146.90657
yongdingme_aq#11,55.153934,97.272804,131.99738
yongdingme_aq#12,57.012672,102.3708,103.62708
yongdingme_aq#13,66.79726,101.11276,97.11858
yongdingme_aq#14,70.40226,105.12378,97.07608
yongdingme_aq#15,66.61676,102.16855,96.88006
yongdingme_aq#16,60.4338,101.07629,96.95582
yongdingme_aq#17,64.480385,102.29008,96.04587
yongdingme_aq#18,57.316376,100.91158,89.43664
yongdingme_aq#19,63.05482,100.482796,80.92968
yongdingme_aq#20,55.57889,98.606674,76.46007
yongdingme_aq#21,55.115944,98.461365,65.2298
yongdingme_aq#22,55.289185,97.83391,63.622665
yongdingme_aq#23,55.134354,97.81766,61.912243
yongdingme_aq#24,55.417713,97.962585,74.98812
yongdingme_aq#25,55.552147,99.10205,96.020294
yongdingme_aq#26,55.90252,98.402596,97.07608
yongdingme_aq#27,55.73238,98.01745,97.377655
yongdingme_aq#28,55.05901,98.197815,108.846855
yongdingme_aq#29,52.125786,94.427666,134.51862
yongdingme_aq#30,50.619495,93.832054,153.19258
yongdingme_aq#31,52.114914,95.1256,155.36053
yongdingme_aq#32,49.069202,95.42503,147.99869
yongdingme_aq#33,47.178337,95.852455,140.67438
yongdingme_aq#34,51.660004,96.2327,143.19641
yongdingme_aq#35,53.128345,97.315926,124.69503
yongdingme_aq#36,53.95019,97.72724,100.94279
yongdingme_aq#37,53.814713,99.204926,97.12038
yongdingme_aq#38,55.922848,97.66385,97.07608
yongdingme_aq#39,59.868473,99.96734,97.07608
yongdingme_aq#40,61.920662,96.654686,97.07608
yongdingme_aq#41,65.06071,97.77068,94.35038
yongdingme_aq#42,64.5238,98.024635,87.233185
yongdingme_aq#43,56.66429,96.68469,80.4682
yongdingme_aq#44,58.62165,98.29358,75.974335
yongdingme_aq#45,60.051228,100.760056,70.39847
yongdingme_aq#46,58.982056,99.580635,65.948814
yongdingme_aq#47,59.034645,100.93937,68.424866
guanyuan_aq#0,41.41957,93.36142,77.12645
guanyuan_aq#1,40.157486,93.42483,104.22955
guanyuan_aq#2,42.915825,92.80979,105.446724
guanyuan_aq#3,40.44885,90.915695,105.98172
guanyuan_aq#4,41.08522,90.35728,125.858315
guanyuan_aq#5,40.065582,87.61158,149.68462
guanyuan_aq#6,40.503555,88.41664,161.02182
guanyuan_aq#7,39.361458,89.5066,170.34023
guanyuan_aq#8,40.712376,92.64988,167.21463
guanyuan_aq#9,41.35845,93.727234,163.89331
guanyuan_aq#10,42.23361,94.09688,153.15324
guanyuan_aq#11,43.041588,94.638725,141.9914
guanyuan_aq#12,43.9362,94.817986,115.85888
guanyuan_aq#13,44.912052,98.04348,105.599625
guanyuan_aq#14,45.24004,99.79699,105.446724
guanyuan_aq#15,45.955116,101.80997,105.39301
guanyuan_aq#16,45.196808,97.31465,105.446724
guanyuan_aq#17,45.691746,97.13624,104.49805
guanyuan_aq#18,46.037033,96.63042,97.437386
guanyuan_aq#19,45.250957,96.45876,90.83644
guanyuan_aq#20,43.479794,94.96175,84.95248
guanyuan_aq#21,42.83164,94.21109,73.82338
guanyuan_aq#22,43.361797,94.337845,74.30333
guanyuan_aq#23,42.582333,94.09688,74.546364
guanyuan_aq#24,42.621166,94.53644,83.27042
guanyuan_aq#25,42.754395,94.09688,102.80509
guanyuan_aq#26,42.563744,94.04945,105.3648
guanyuan_aq#27,42.5267,94.755745,105.651276
guanyuan_aq#28,42.554657,94.77158,114.95268
guanyuan_aq#29,40.988163,93.01266,136.04637
guanyuan_aq#30,39.7121,94.2367,150.5379
guanyuan_aq#31,41.273678,94.18574,155.01274
guanyuan_aq#32,39.836315,94.45163,148.66043
guanyuan_aq#33,40.54731,94.1299,143.89932
guanyuan_aq#34,40.926743,94.11048,142.18143
guanyuan_aq#35,42.441467,94.52941,130.92407
guanyuan_aq#36,42.751892,96.25929,109.70863
guanyuan_aq#37,42.96886,105.834816,105.49102
guanyuan_aq#38,46.96678,99.14782,105.446724
guanyuan_aq#39,48.613277,99.32418,105.446724
guanyuan_aq#40,49.996895,97.550865,105.446724
guanyuan_aq#41,54.134583,96.28219,101.57539
guanyuan_aq#42,51.03397,96.328354,91.895325
guanyuan_aq#43,45.945972,93.867294,80.75934
guanyuan_aq#44,47.76883,96.471344,77.85543
guanyuan_aq#45,48.262882,104.25855,71.7077
guanyuan_aq#46,47.358906,104.11138,70.67207
guanyuan_aq#47,50.891766,113.42818,75.375435
miyun_aq#0,31.26363,70.96457,87.30784
miyun_aq#1,29.165226,73.814514,107.1678
miyun_aq#2,28.882227,72.06079,108.066216
miyun_aq#3,32.640366,69.189354,108.35238
miyun_aq#4,31.96496,66.590706,126.578476
miyun_aq#5,30.723568,63.939667,147.51855
miyun_aq#6,32.851982,65.96797,158.621
miyun_aq#7,34.45468,67.56103,159.72505
miyun_aq#8,35.17656,73.834076,159.3115
miyun_aq#9,37.36798,74.86216,157.26831
miyun_aq#10,39.384968,74.79859,152.9059
miyun_aq#11,40.357018,74.80334,143.73398
miyun_aq#12,40.31814,75.5138,117.14883
miyun_aq#13,40.676186,76.883736,108.17959
miyun_aq#14,40.57647,77.12233,108.066216
miyun_aq#15,40.521698,76.48524,108.066216
miyun_aq#16,40.49019,75.857285,108.01296
miyun_aq#17,40.360775,75.71106,106.57742
miyun_aq#18,40.406487,74.990524,97.90639
miyun_aq#19,40.546593,74.97139,90.38548
miyun_aq#20,40.525055,74.75675,85.529976
miyun_aq#21,40.525055,77.330734,76.22172
miyun_aq#22,40.525055,77.852196,73.50081
miyun_aq#23,40.525322,76.472786,77.11208
miyun_aq#24,40.588013,75.41284,86.12719
miyun_aq#25,40.525055,74.97139,106.065544
miyun_aq#26,40.496964,74.97139,108.066216
miyun_aq#27,40.537193,75.10932,108.51198
miyun_aq#28,40.527733,75.21517,121.82433
miyun_aq#29,40.890266,74.31787,143.67177
miyun_aq#30,41.024193,73.41694,158.0027
miyun_aq#31,40.614548,75.36589,160.94609
miyun_aq#32,41.466652,75.26469,154.1587
miyun_aq#33,40.891434,74.815735,150.27141
miyun_aq#34,40.754257,75.37533,147.84108
miyun_aq#35,41.984386,79.040245,135.21254
miyun_aq#36,43.89513,86.125885,113.21889
miyun_aq#37,45.687416,93.19895,108.11051
miyun_aq#38,47.611572,95.1627,108.01989
miyun_aq#39,46.599003,88.58029,108.066216
miyun_aq#40,48.103493,81.58356,108.066216
miyun_aq#41,48.539482,76.51369,105.96713
miyun_aq#42,45.60721,75.091125,99.14093
miyun_aq#43,44.744545,75.198524,89.550446
miyun_aq#44,43.669426,75.213684,85.53786
miyun_aq#45,43.41215,75.65683,79.49433
miyun_aq#46,43.24088,77.8883,76.34788
miyun_aq#47,42.684406,76.90633,79.43816
CD1#0,25.503445,32.383263,0.0
CD1#1,26.223154,30.835457,0.0
CD1#2,24.52272,30.110699,0.0
CD1#3,21.386944,28.67348,0.0
CD1#4,20.703714,28.489813,0.0
CD1#5,20.917088,29.02089,0.0
CD1#6,21.610466,29.676735,0.0
CD1#7,20.774319,31.007204,0.0
CD1#8,20.560677,32.63863,0.0
CD1#9,19.653622,34.221466,0.0
CD1#10,18.787739,31.841578,0.0
CD1#11,18.614836,29.94163,0.0
CD1#12,18.639362,29.544493,0.0
CD1#13,18.625267,29.233171,0.0
CD1#14,18.594025,28.68267,0.0
CD1#15,18.546898,28.94172,0.0
CD1#16,18.501354,28.589674,0.0
CD1#17,18.67868,28.580761,0.0
CD1#18,19.252117,28.638939,0.0
CD1#19,19.772633,28.716646,0.0
CD1#20,21.329445,28.840054,0.0
CD1#21,20.887344,29.010439,0.0
CD1#22,19.305092,28.74519,0.0
CD1#23,19.550987,28.57274,0.0
CD1#24,19.198135,27.80611,0.0
CD1#25,18.44653,26.112566,0.0
CD1#26,18.289234,26.830633,0.0
CD1#27,17.17223,26.385885,0.0
CD1#28,17.011229,27.009264,0.0
CD1#29,17.8597,27.423265,0.0
CD1#30,18.67121,28.241364,0.0
CD1#31,18.649868,28.62142,0.0
CD1#32,18.635126,28.70443,0.0
CD1#33,18.7182,28.879139,0.0
CD1#34,18.649681,28.654583,0.0
CD1#35,18.297482,28.72199,0.0
CD1#36,18.624054,29.096256,0.0
CD1#37,18.258484,28.604376,0.0
CD1#38,18.2644,28.535847,0.0
CD1#39,18.424238,28.804491,0.0
CD1#40,18.643328,28.466528,0.0
CD1#41,19.433336,28.700005,0.0
CD1#42,20.513485,28.614256,0.0
CD1#43,19.499855,28.66156,0.0
CD1#44,24.681225,28.695322,0.0
CD1#45,18.827961,28.747227,0.0
CD1#46,17.86233,28.711718,0.0
CD1#47,17.213907,28.146177,0.0
HV1#0,18.927402,24.298407,0.0
HV1#1,18.6888,23.936415,0.0
HV1#2,18.785395,23.25292,0.0
HV1#3,17.80669,22.968985,0.0
HV1#4,17.252113,23.281858,0.0
HV1#5,16.973259,24.341114,0.0
HV1#6,16.592619,25.059574,0.0
HV1#7,16.232943,25.12215,0.0
HV1#8,16.030617,26.04191,0.0
HV1#9,15.678936,25.93436,0.0
HV1#10,15.429838,25.875246,0.0
HV1#11,15.240583,25.026577,0.0
HV1#12,15.247786,24.828503,0.0
HV1#13,15.191137,25.019588,0.0
HV1#14,15.216139,24.802334,0.0
HV1#15,15.1432495,24.638346,0.0
HV1#16,15.079182,24.92429,0.0
HV1#17,15.267693,24.925716,0.0
HV1#18,15.6395,24.883804,0.0
HV1#19,15.92735,24.982975,0.0
HV1#20,16.853088,25.287724,0.0
HV1#21,16.403486,25.237614,0.0
HV1#22,15.67103,24.88235,0.0
HV1#23,16.19094,24.952713,0.0
HV1#24,15.90841,24.463963,0.0
HV1#25,15.204524,23.005539,0.0
HV1#26,15.242713,23.10838,0.0
HV1#27,14.396283,22.952316,0.0
HV1#28,14.532434,24.135332,0.0
HV1#29,14.898235,24.194847,0.0
HV1#30,15.4065275,24.869097,0.0
HV1#31,15.294419,24.736467,0.0
HV1#32,15.261995,24.773357,0.0
HV1#33,15.278297,24.781849,0.0
HV1#34,15.259602,24.753424,0.0
HV1#35,15.039816,24.737022,0.0
HV1#36,15.206615,24.750256,0.0
HV1#37,15.044029,24.72779,0.0
HV1#38,14.947484,24.729069,0.0
HV1#39,14.910046,25.135231,0.0
HV1#40,15.058792,24.646938,0.0
HV1#41,15.677847,24.873913,0.0
HV1#42,16.033363,24.844368,0.0
HV1#43,15.728304,24.756165,0.0
HV1#44,16.507439,24.83181,0.0
HV1#45,15.356123,24.858566,0.0
HV1#46,15.09905,24.658054,0.0
HV1#47,14.590883,24.390541,0.0
CD9#0,11.061611,15.840925,0.0
CD9#1,10.9815,15.786064,0.0
CD9#2,10.907764,15.508007,0.0
CD9#3,10.875111,15.52194,0.0
CD9#4,10.891197,15.811425,0.0
CD9#5,11.158144,16.330532,0.0
CD9#6,11.262003,16.81647,0.0
CD9#7,11.261435,16.843952,0.0
CD9#8,11.26366,16.87556,0.0
CD9#9,11.261435,16.845285,0.0
CD9#10,11.261435,16.843952,0.0
CD9#11,11.260715,16.843952,0.0
CD9#12,11.260592,16.84074,0.0
CD9#13,11.261435,16.837793,0.0
CD9#14,11.261435,16.837725,0.0
CD9#15,11.261435,16.847305,0.0
CD9#16,11.261435,16.843952,0.0
CD9#17,11.261435,16.834148,0.0
CD9#18,11.271678,16.864006,0.0
CD9#19,11.781919,16.852251,0.0
CD9#20,11.509626,16.87254,0.0
CD9#21,11.568878,16.894886,0.0
CD9#22,11.4120455,16.8511,0.0
CD9#23,11.338799,16.857426,0.0
CD9#24,11.487084,16.873909,0.0
CD9#25,11.389459,16.512117,0.0
CD9#26,11.4114275,16.370409,0.0
CD9#27,11.529675,16.54175,0.0
CD9#28,11.299569,16.630875,0.0
CD9#29,11.440692,16.847775,0.0
CD9#30,11.51899,17.007837,0.0
CD9#31,11.279232,16.97596,0.0
CD9#32,11.284183,17.274881,0.0
CD9#33,11.264157,16.997337,0.0
CD9#34,11.261435,16.88707,0.0
CD9#35,11.261435,16.838144,0.0
CD9#36,11.2649,16.843498,0.0
CD9#37,11.261435,16.843952,0.0
CD9#38,11.260469,16.858383,0.0
CD9#39,11.258496,16.855434,0.0
CD9#40,11.261435,16.842024,0.0
CD9#41,11.273468,16.87561,0.0
CD9#42,11.468038,16.86581,0.0
CD9#43,11.850614,17.174778,0.0
CD9#44,11.865694,17.57855,0.0
CD9#45,12.053442,17.419968,0.0
CD9#46,11.83114,16.939022,0.0
CD9#47,11.507016,16.969234,0.0
GR4#0,19.804903,21.842468,0.0
GR4#1,19.893291,21.211685,0.0
GR4#2,19.62011,20.46923,0.0
GR4#3,18.568834,19.98569,0.0
GR4#4,18.0993,19.972328,0.0
GR4#5,17.863998,20.656334,0.0
GR4#6,17.980673,21.612602,0.0
GR4#7,17.51461,21.40498,0.0
GR4#8,17.25066,21.665169,0.0
GR4#9,16.493574,21.35872,0.0
GR4#10,16.000965,21.172382,0.0
GR4#11,15.787036,20.991695,0.0
GR4#12,15.775642,20.984932,0.0
GR4#13,15.743475,21.018574,0.0
GR4#14,15.737942,20.99742,0.0
GR4#15,15.640728,21.174004,0.0
GR4#16,15.597748,21.205883,0.0
GR4#17,15.741819,21.199928,0.0
GR4#18,15.924549,21.116123,0.0
GR4#19,16.340805,21.307013,0.0
GR4#20,17.017368,21.468533,0.0
GR4#21,16.821264,21.12934,0.0
GR4#22,16.402401,21.162106,0.0
GR4#23,17.145622,21.366364,0.0
GR4#24,16.626133,20.863564,0.0
GR4#25,15.699555,19.777946,0.0
GR4#26,15.862118,20.477543,0.0
GR4#27,14.946972,20.278526,0.0
GR4#28,15.152208,22.070175,0.0
GR4#29,15.441447,21.03403,0.0
GR4#30,15.959595,21.266542,0.0
GR4#31,15.809307,21.064125,0.0
GR4#32,15.769665,21.063728,0.0
GR4#33,15.815368,21.05715,0.0
GR4#34,15.745102,21.031422,0.0
GR4#35,15.508348,21.011646,0.0
GR4#36,15.724784,20.988197,0.0
GR4#37,15.506382,20.992603,0.0
GR4#38,15.347645,20.899185,0.0
GR4#39,15.099115,21.068466,0.0
GR4#40,15.408362,20.948193,0.0
GR4#41,15.964918,21.017141,0.0
GR4#42,16.068274,21.00283,0.0
GR4#43,16.09914,21.035011,0.0
GR4#44,16.801088,21.107235,0.0
GR4#45,15.838976,21.022057,0.0
GR4#46,15.333527,20.86026,0.0
GR4#47,15.030451,20.631641,0.0
TH4#0,13.77678,29.038944,0.0
TH4#1,13.636425,29.84231,0.0
TH4#2,13.559065,29.96983,0.0
TH4#3,13.310459,29.197618,0.0
TH4#4,13.407467,29.5582,0.0
TH4#5,13.664553,30.247782,0.0
TH4#6,13.883024,30.954035,0.0
TH4#7,13.840145,31.842966,0.0
TH4#8,13.793808,33.733032,0.0
TH4#9,13.8297615,35.580788,0.0
TH4#10,13.826882,33.229294,0.0
TH4#11,13.81954,31.87612,0.0
TH4#12,13.813177,31.043419,0.0
TH4#13,13.812235,30.732752,0.0
TH4#14,13.825691,30.154486,0.0
TH4#15,13.820415,30.302217,0.0
TH4#16,13.839417,29.82031,0.0
TH4#17,13.800285,29.73794,0.0
TH4#18,13.87365,29.991484,0.0
TH4#19,15.260407,29.97069,0.0
TH4#20,15.067104,29.945852,0.0
TH4#21,14.573662,30.022352,0.0
TH4#22,14.298855,30.231173,0.0
TH4#23,14.326181,29.676949,0.0
TH4#24,14.331945,28.164013,0.0
TH4#25,14.54114,26.756811,0.0
TH4#26,14.559387,27.720522,0.0
TH4#27,14.215559,26.918182,0.0
TH4#28,13.600466,27.983583,0.0
TH4#29,14.481852,28.920687,0.0
TH4#30,14.580849,29.456327,0.0
TH4#31,13.919266,29.89619,0.0
TH4#32,13.837631,30.171314,0.0
TH4#33,13.858853,31.290485,0.0
TH4#34,13.830744,30.26845,0.0
TH4#35,13.802571,30.294188,0.0
TH4#36,13.760502,30.014093,0.0
TH4#37,13.790944,29.929028,0.0
TH4#38,13.692065,29.866343,0.0
TH4#39,13.736027,30.499397,0.0
TH4#40,13.767789,29.745222,0.0
TH4#41,13.8717785,29.815948,0.0
TH4#42,13.897657,29.814375,0.0
TH4#43,14.4931965,30.003653,0.0
TH4#44,14.734756,30.049217,0.0
TH4#45,14.384543,30.174397,0.0
TH4#46,14.243422,29.89273,0.0
TH4#47,14.00096,29.48137,0.0
BL0#0,18.073484,24.587833,0.0
BL0#1,17.720173,24.447811,0.0
BL0#2,17.252077,23.884262,0.0
BL0#3,17.031584,23.342072,0.0
BL0#4,17.660446,23.739822,0.0
BL0#5,17.055626,24.8273,0.0
BL0#6,16.61739,25.441364,0.0
BL0#7,16.111712,25.38508,0.0
BL0#8,16.175133,26.59122,0.0
BL0#9,15.709005,27.450869,0.0
BL0#10,15.380415,26.086239,0.0
BL0#11,15.215158,25.442356,0.0
BL0#12,15.233763,25.19014,0.0
BL0#13,15.203476,25.220829,0.0
BL0#14,15.184013,25.06802,0.0
BL0#15,15.112744,25.041904,0.0
BL0#16,15.112677,25.236809,0.0
BL0#17,15.223575,25.117657,0.0
BL0#18,15.32669,25.11008,0.0
BL0#19,15.95798,25.235443,0.0
BL0#20,16.53099,25.310982,0.0
BL0#21,16.403948,25.584803,0.0
BL0#22,15.742314,25.15705,0.0
BL0#23,16.362816,25.091913,0.0
BL0#24,15.687843,24.683407,0.0
BL0#25,15.279241,23.261915,0.0
BL0#26,15.212117,23.99856,0.0
BL0#27,14.416512,24.387598,0.0
BL0#28,14.583929,25.952484,0.0
BL0#29,14.912689,24.795593,0.0
BL0#30,15.433237,25.078625,0.0
BL0#31,15.264046,25.111137,0.0
BL0#32,15.258316,25.187279,0.0
BL0#33,15.251824,25.328743,0.0
BL0#34,15.236897,25.114935,0.0
BL0#35,15.037592,25.049591,0.0
BL0#36,15.214408,25.06393,0.0
BL0#37,14.979151,25.012539,0.0
BL0#38,14.80875,25.022709,0.0
BL0#39,14.728078,25.74392,0.0
BL0#40,14.846006,24.986656,0.0
BL0#41,15.408884,25.079338,0.0
BL0#42,15.572643,25.084103,0.0
BL0#43,15.806995,25.04323,0.0
BL0#44,16.372002,25.186338,0.0
BL0#45,15.286306,25.073635,0.0
BL0#46,14.809706,24.960478,0.0
BL0#47,14.642704,24.73724,0.0
GR9#0,24.307808,29.17259,0.0
GR9#1,23.69338,29.121788,0.0
GR9#2,23.383343,28.511908,0.0
GR9#3,20.163298,28.116982,0.0
GR9#4,19.936619,27.98461,0.0
GR9#5,19.715881,28.53902,0.0
GR9#6,20.04758,29.569765,0.0
GR9#7,18.845228,30.331268,0.0
GR9#8,18.757961,32.40679,0.0
GR9#9,17.65278,33.757656,0.0
GR9#10,17.101469,31.753809,0.0
GR9#11,16.819902,29.105711,0.0
GR9#12,16.76921,28.863804,0.0
GR9#13,16.70446,28.926174,0.0
GR9#14,16.734766,28.402653,0.0
GR9#15,16.617727,28.376617,0.0
GR9#16,16.581463,28.330254,0.0
GR9#17,16.762417,28.320646,0.0
GR9#18,16.915768,28.407314,0.0
GR9#19,17.404804,28.584461,0.0
GR9#20,18.24448,28.714003,0.0
GR9#21,18.252918,29.295647,0.0
GR9#22,17.513596,28.754011,0.0
GR9#23,18.179276,28.306564,0.0
GR9#24,17.628096,27.435629,0.0
GR9#25,16.64455,26.022354,0.0
GR9#26,16.806637,26.973331,0.0
GR9#27,15.584232,25.85358,0.0
GR9#28,15.76968,27.085999,0.0
GR9#29,16.129913,27.333017,0.0
GR9#30,16.93082,28.13962,0.0
GR9#31,16.773977,28.426796,0.0
GR9#32,16.797455,28.369362,0.0
GR9#33,16.789637,28.810503,0.0
GR9#34,16.748276,28.55386,0.0
GR9#35,16.491745,28.610197,0.0
GR9#36,16.708317,28.689707,0.0
GR9#37,16.44534,28.395216,0.0
GR9#38,16.258512,28.310791,0.0
GR9#39,16.150694,28.765266,0.0
GR9#40,16.411798,28.166864,0.0
GR9#41,16.96574,28.42623,0.0
GR9#42,16.99499,28.365536,0.0
GR9#43,17.121708,28.382536,0.0
GR9#44,17.994518,28.48771,0.0
GR9#45,16.85532,28.480396,0.0
GR9#46,16.485916,28.419998,0.0
GR9#47,15.803809,27.712702,0.0
ST5#0,13.031243,25.878132,0.0
ST5#1,12.904058,25.970398,0.0
ST5#2,12.827818,25.159561,0.0
ST5#3,12.755734,24.937752,0.0
ST5#4,12.79063,25.794981,0.0
ST5#5,13.029848,27.569855,0.0
ST5#6,13.034923,28.073357,0.0
ST5#7,12.968983,28.442713,0.0
ST5#8,13.014856,29.538292,0.0
ST5#9,12.954041,30.617558,0.0
ST5#10,12.949196,29.076963,0.0
ST5#11,12.942138,28.501356,0.0
ST5#12,12.9444275,29.05909,0.0
ST5#13,12.931694,28.100288,0.0
ST5#14,12.940903,28.09444,0.0
ST5#15,12.939828,27.955332,0.0
ST5#16,12.944549,27.895508,0.0
ST5#17,12.919188,27.883385,0.0
ST5#18,12.968384,27.898615,0.0
ST5#19,13.5969715,27.909815,0.0
ST5#20,13.441734,27.926905,0.0
ST5#21,13.225244,28.03478,0.0
ST5#22,13.140615,27.935823,0.0
ST5#23,13.130058,27.874468,0.0
ST5#24,13.133405,26.276709,0.0
ST5#25,13.128848,24.687038,0.0
ST5#26,13.084263,25.818293,0.0
ST5#27,12.907815,26.239285,0.0
ST5#28,12.698637,28.066381,0.0
ST5#29,13.214326,27.739662,0.0
ST5#30,13.236198,27.929398,0.0
ST5#31,13.032465,27.984034,0.0
ST5#32,12.997334,28.311556,0.0
ST5#33,13.012669,28.521961,0.0
ST5#34,12.947369,28.050987,0.0
ST5#35,12.945309,28.049046,0.0
ST5#36,12.86894,27.910862,0.0
ST5#37,12.842899,27.973425,0.0
ST5#38,12.763356,27.985111,0.0
ST5#39,12.83274,27.918325,0.0
ST5#40,12.826455,27.88381,0.0
ST5#41,13.0595455,27.926554,0.0
ST5#42,13.010321,27.93439,0.0
ST5#43,13.287006,27.928144,0.0
ST5#44,13.316542,27.899664,0.0
ST5#45,13.261783,27.914375,0.0
ST5#46,13.150709,27.889885,0.0
ST5#47,13.040999,27.711166,0.0
KF1#0,16.227821,20.517841,0.0
KF1#1,16.281807,19.873272,0.0
KF1#2,16.13733,19.019978,0.0
KF1#3,16.0585,18.65326,0.0
KF1#4,15.9305935,18.937801,0.0
KF1#5,15.580267,20.064775,0.0
KF1#6,15.454068,20.44526,0.0
KF1#7,14.956995,20.491997,0.0
KF1#8,14.871598,20.741327,0.0
KF1#9,14.776344,20.616085,0.0
KF1#10,14.782892,20.422302,0.0
KF1#11,14.76724,20.392422,0.0
KF1#12,14.7625265,20.441801,0.0
KF1#13,14.717131,20.458652,0.0
KF1#14,14.739687,20.428205,0.0
KF1#15,14.647081,21.207542,0.0
KF1#16,14.62833,20.772652,0.0
KF1#17,14.714193,20.647785,0.0
KF1#18,14.854341,20.656826,0.0
KF1#19,15.500158,20.614286,0.0
KF1#20,15.956784,20.675863,0.0
KF1#21,15.773907,20.537464,0.0
KF1#22,15.426961,20.482716,0.0
KF1#23,16.411818,20.783546,0.0
KF1#24,16.03348,20.339,0.0
KF1#25,15.671105,19.32579,0.0
KF1#26,15.644266,19.917282,0.0
KF1#27,14.812492,20.62556,0.0
KF1#28,14.439044,21.63291,0.0
KF1#29,15.16902,20.557617,0.0
KF1#30,15.453484,20.698551,0.0
KF1#31,14.811598,20.479153,0.0
KF1#32,14.84247,20.59505,0.0
KF1#33,14.840462,20.665049,0.0
KF1#34,14.761827,20.507744,0.0
KF1#35,14.6984005,20.444054,0.0
KF1#36,14.656443,20.405382,0.0
KF1#37,14.586129,20.422749,0.0
KF1#38,14.421013,20.374184,0.0
KF1#39,14.404639,20.883375,0.0
KF1#40,14.50042,20.329529,0.0
KF1#41,14.827072,20.360207,0.0
KF1#42,14.888532,20.406673,0.0
KF1#43,15.064388,20.397366,0.0
KF1#44,15.76828,20.510635,0.0
KF1#45,15.005278,20.450392,0.0
KF1#46,14.921665,20.289654,0.0
KF1#47,14.663874,20.138456,0.0
MY7#0,20.226837,28.248652,0.0
MY7#1,20.194386,28.696573,0.0
MY7#2,19.798294,28.536856,0.0
MY7#3,18.807575,27.884478,0.0
MY7#4,19.053482,27.882889,0.0
MY7#5,19.154116,28.429169,0.0
MY7#6,19.083036,29.148743,0.0
MY7#7,18.97445,29.756525,0.0
MY7#8,19.089596,31.612793,0.0
MY7#9,18.59827,32.73931,0.0
MY7#10,18.1434,30.302082,0.0
MY7#11,17.940002,28.901123,0.0
MY7#12,17.992151,28.846533,0.0
MY7#13,17.928843,28.61062,0.0
MY7#14,17.914692,28.373325,0.0
MY7#15,17.782192,28.572132,0.0
MY7#16,17.8179,28.298681,0.0
MY7#17,17.932333,28.319187,0.0
MY7#18,18.440311,28.350512,0.0
MY7#19,19.018478,28.520988,0.0
MY7#20,20.016237,28.598175,0.0
MY7#21,19.861706,28.731003,0.0
MY7#22,18.691586,28.372458,0.0
MY7#23,19.409624,28.341013,0.0
MY7#24,18.695408,27.69455,0.0
MY7#25,17.802742,26.153296,0.0
MY7#26,17.660519,27.377369,0.0
MY7#27,16.859465,26.765263,0.0
MY7#28,16.999832,28.241486,0.0
MY7#29,17.58117,27.777603,0.0
MY7#30,18.108345,28.18262,0.0
MY7#31,18.018505,28.332167,0.0
MY7#32,17.989744,28.441881,0.0
MY7#33,18.074558,28.844461,0.0
MY7#34,18.014675,28.396767,0.0
MY7#35,17.738335,28.507593,0.0
MY7#36,17.858147,28.51722,0.0
MY7#37,17.763744,28.35411,0.0
MY7#38,17.72948,28.385296,0.0
MY7#39,17.396927,28.74709,0.0
MY7#40,17.82283,28.302586,0.0
MY7#41,18.576462,28.414423,0.0
MY7#42,19.48006,28.409191,0.0
MY7#43,18.673147,28.34915,0.0
MY7#44,22.921581,28.365362,0.0
MY7#45,18.137058,28.46135,0.0
MY7#46,17.330399,28.407776,0.0
MY7#47,16.932835,27.969133,0.0
GN3#0,25.59417,28.969404,0.0
GN3#1,27.013916,28.350084,0.0
GN3#2,25.707928,26.88796,0.0
GN3#3,22.178274,26.093296,0.0
GN3#4,20.687534,25.711514,0.0
GN3#5,20.94323,26.303522,0.0
GN3#6,20.734802,27.448746,0.0
GN3#7,19.61322,28.21616,0.0
GN3#8,19.438553,30.229134,0.0
GN3#9,18.58628,30.995718,0.0
GN3#10,17.486824,28.644346,0.0
GN3#11,17.15099,26.590378,0.0
GN3#12,17.101673,26.356216,0.0
GN3#13,17.059193,26.505468,0.0
GN3#14,17.095888,26.049568,0.0
GN3#15,17.003902,26.06218,0.0
GN3#16,16.956993,26.207129,0.0
GN3#17,17.125631,26.20297,0.0
GN3#18,17.7056,26.153566,0.0
GN3#19,17.998974,26.283728,0.0
GN3#20,18.995707,26.534819,0.0
GN3#21,18.834091,26.896168,0.0
GN3#22,17.789925,26.430595,0.0
GN3#23,18.213577,25.99258,0.0
GN3#24,17.705624,25.477348,0.0
GN3#25,16.96723,24.209654,0.0
GN3#26,17.073906,24.550121,0.0
GN3#27,15.807707,24.116182,0.0
GN3#28,15.781789,25.630945,0.0
GN3#29,16.346283,24.853878,0.0
GN3#30,17.214378,25.81047,0.0
GN3#31,17.104244,26.054916,0.0
GN3#32,17.11099,26.10111,0.0
GN3#33,17.183903,26.158401,0.0
GN3#34,17.082556,26.07727,0.0
GN3#35,16.77823,26.163874,0.0
GN3#36,17.014662,26.07053,0.0
GN3#37,16.71725,26.045734,0.0
GN3#38,16.652401,26.0952,0.0
GN3#39,16.559778,26.467129,0.0
GN3#40,16.851137,25.809675,0.0
GN3#41,17.507374,26.098768,0.0
GN3#42,18.05452,26.086536,0.0
GN3#43,17.7499,26.058428,0.0
GN3#44,19.15956,26.145046,0.0
GN3#45,17.179768,26.138552,0.0
GN3#46,16.573187,26.18238,0.0
GN3#47,15.918185,25.446255,0.0
GN0#0,13.263144,26.868097,0.0
GN0#1,13.205017,26.658722,0.0
GN0#2,13.152968,26.60015,0.0
GN0#3,13.154686,26.048058,0.0
GN0#4,13.049229,26.063372,0.0
GN0#5,13.225258,26.740694,0.0
GN0#6,13.264677,27.484488,0.0
GN0#7,13.254856,28.087467,0.0
GN0#8,13.309114,29.580324,0.0
GN0#9,13.231504,29.673834,0.0
GN0#10,13.221992,29.183413,0.0
GN0#11,13.2208805,27.211794,0.0
GN0#12,13.217224,26.935358,0.0
GN0#13,13.199129,27.028122,0.0
GN0#14,13.221084,26.693262,0.0
GN0#15,13.216334,26.61371,0.0
GN0#16,13.217344,26.696346,0.0
GN0#17,13.1930275,26.690487,0.0
GN0#18,13.239508,26.709038,0.0
GN0#19,13.666695,26.855522,0.0
GN0#20,13.582385,27.195818,0.0
GN0#21,13.4832735,27.414837,0.0
GN0#22,13.444149,26.872139,0.0
GN0#23,13.398342,26.604412,0.0
GN0#24,13.491615,26.071938,0.0
GN0#25,13.567395,24.608759,0.0
GN0#26,13.478483,25.29015,0.0
GN0#27,13.32386,24.856035,0.0
GN0#28,12.98163,25.939098,0.0
GN0#29,13.390113,25.74999,0.0
GN0#30,13.562092,26.485882,0.0
GN0#31,13.283248,26.739632,0.0
GN0#32,13.284893,26.724852,0.0
GN0#33,13.259191,26.794716,0.0
GN0#34,13.214265,26.665676,0.0
GN0#35,13.198389,26.675163,0.0
GN0#36,13.144489,26.654425,0.0
GN0#37,13.133865,26.690203,0.0
GN0#38,13.027579,26.680706,0.0
GN0#39,13.116039,27.051838,0.0
GN0#40,13.132108,26.445202,0.0
GN0#41,13.253505,26.740723,0.0
GN0#42,13.253513,26.65484,0.0
GN0#43,13.546233,26.659433,0.0
GN0#44,13.58672,26.755154,0.0
GN0#45,13.598239,26.74318,0.0
GN0#46,13.499372,26.540565,0.0
GN0#47,13.396782,26.04241,0.0
LW2#0,24.545414,27.451754,0.0
LW2#1,23.659264,26.823353,0.0
LW2#2,23.124933,26.442055,0.0
LW2#3,20.807953,25.645504,0.0
LW2#4,20.66336,25.357113,0.0
LW2#5,20.805819,26.01649,0.0
LW2#6,20.694218,27.104193,0.0
LW2#7,19.886246,27.741117,0.0
LW2#8,19.99313,29.645065,0.0
LW2#9,19.111332,30.942905,0.0
LW2#10,18.63512,29.338434,0.0
LW2#11,18.415886,26.762405,0.0
LW2#12,18.351315,26.178785,0.0
LW2#13,18.313454,25.988213,0.0
LW2#14,18.323933,25.723537,0.0
LW2#15,18.24469,25.596344,0.0
LW2#16,18.239384,25.820223,0.0
LW2#17,18.479757,25.758938,0.0
LW2#18,19.131496,25.727411,0.0
LW2#19,19.509403,25.863632,0.0
LW2#20,20.743843,26.168034,0.0
LW2#21,20.1407,26.359154,0.0
LW2#22,19.040157,26.012554,0.0
LW2#23,19.139343,25.581455,0.0
LW2#24,18.91691,25.199259,0.0
LW2#25,18.05048,23.699244,0.0
LW2#26,17.993448,24.105556,0.0
LW2#27,17.158508,23.917011,0.0
LW2#28,17.286806,24.39143,0.0
LW2#29,17.868832,24.46625,0.0
LW2#30,18.431717,25.38337,0.0
LW2#31,18.41314,25.62566,0.0
LW2#32,18.358032,25.627966,0.0
LW2#33,18.434105,25.729647,0.0
LW2#34,18.41475,25.610443,0.0
LW2#35,18.088568,25.700035,0.0
LW2#36,18.22488,25.570068,0.0
LW2#37,17.991854,25.608793,0.0
LW2#38,17.85714,25.56411,0.0
LW2#39,18.27536,25.698421,0.0
LW2#40,18.315186,25.429712,0.0
LW2#41,18.99116,25.697037,0.0
LW2#42,19.812756,25.630825,0.0
LW2#43,19.274315,25.603619,0.0
LW2#44,22.179935,25.713734,0.0
LW2#45,18.462856,25.69131,0.0
LW2#46,17.434212,25.562428,0.0
LW2#47,16.671055,25.207247,0.0
